column,dtype,row_count,missing_count,missing_fraction,finite_count,minimum,maximum,mean,std,unique_count_exact,unique_count_truncated,is_constant,preview_json,top_values_json
output_bit_register_64,uint8,6249074,0,0.0,6249074,0.0,1.0,0.008194974167372637,0.09015440402869253,2.0,False,False,"[0, 0, 0, 0, 0, 0, 0, 0, 0, 0, 0, 0, 0, 0, 0, 0, 0, 0, 0, 0]","[{""value"": ""0"", ""count"": 6197863}, {""value"": ""1"", ""count"": 51211}]"
output_bit_register_65,uint8,6249074,0,0.0,6249074,0.0,1.0,0.008250342370725647,0.09045592419234606,2.0,False,False,"[0, 0, 0, 0, 0, 0, 0, 0, 0, 0, 0, 0, 0, 0, 0, 0, 0, 0, 0, 0]","[{""value"": ""0"", ""count"": 6197517}, {""value"": ""1"", ""count"": 51557}]"
output_bit_register_66,uint8,6249074,0,0.0,6249074,0.0,1.0,0.0006476159507792674,0.0254400578686363,2.0,False,False,"[0, 0, 0, 0, 0, 0, 0, 0, 0, 0, 0, 0, 0, 0, 0, 0, 0, 0, 0, 0]","[{""value"": ""0"", ""count"": 6245027}, {""value"": ""1"", ""count"": 4047}]"
output_bit_register_67,uint8,6249074,0,0.0,6249074,0.0,1.0,0.00032628834288088123,0.018060506050445575,2.0,False,False,"[0, 0, 0, 0, 0, 0, 0, 0, 0, 0, 0, 0, 0, 0, 0, 0, 0, 0, 0, 0]","[{""value"": ""0"", ""count"": 6247035}, {""value"": ""1"", ""count"": 2039}]"
output_bit_register_70,uint8,6249074,0,0.0,6249074,0.0,1.0,0.457963691900592,0.498229815247313,2.0,False,False,"[1, 1, 1, 1, 1, 1, 1, 1, 1, 1, 1, 1, 1, 1, 1, 1, 1, 1, 1, 1]","[{""value"": ""0"", ""count"": 3387225}, {""value"": ""1"", ""count"": 2861849}]"
output_bit_register_71,uint8,6249074,0,0.0,6249074,0.0,0.0,0.0,0.0,1.0,False,True,"[0, 0, 0, 0, 0, 0, 0, 0, 0, 0, 0, 0, 0, 0, 0, 0, 0, 0, 0, 0]","[{""value"": ""0"", ""count"": 6249074}]"
output_bit_register_72,uint8,6249074,0,0.0,6249074,0.0,0.0,0.0,0.0,1.0,False,True,"[0, 0, 0, 0, 0, 0, 0, 0, 0, 0, 0, 0, 0, 0, 0, 0, 0, 0, 0, 0]","[{""value"": ""0"", ""count"": 6249074}]"
timestamp,float64,6249074,0,0.0,6249074,696.6039999999997,28511.93,11147.415883223655,7105.099915706954,,True,False,"[21182.84, 21182.85, 21182.86, 21182.87, 21182.88, 21182.89, 21182.9, 21182.91, 21182.92, 21182.93, 21182.94, 21182.95, 21182.96, 21182.97, 21182.98, 21182.99, 21183.0, 21183.01, 21183.02, 21183.03]",[]
target_q_0,float64,6249074,0,0.0,6249074,-1.627345,0.9210100000000004,-0.31939100316630364,0.537542991571917,,True,False,"[0.1282922605501789, 0.1282922605501789, 0.1282922605501789, 0.1282922605501789, 0.1282922605501789, 0.1282922605501789, 0.1282922605501789, 0.1282922605501789, 0.1282922605501789, 0.1282922605501789, 0.1282922605501789, 0.1282922605501789, 0.1282922605501789, 0.1282922605501789, 0.1282922605501789, 0.1282922605501789, 0.1282922605501789, 0.1282922605501789, 0.1282922605501789, 0.1282922605501789]",[]
target_q_1,float64,6249074,0,0.0,6249074,-2.3998280000000003,-0.427257,-1.287153921193925,0.4586333539768671,,True,False,"[-0.4303947262133985, -0.4303947262133985, -0.4303947262133985, -0.4303947262133985, -0.4303947262133985, -0.4303947262133985, -0.4303947262133985, -0.4303947262133985, -0.4303947262133985, -0.4303947262133985, -0.4303947262133985, -0.4303947262133985, -0.4303947262133985, -0.4303947262133985, -0.4303947262133985, -0.4303947262133985, -0.4303947262133985, -0.4303947262133985, -0.4303947262133985, -0.4303947262133985]",[]
target_q_2,float64,6249074,0,0.0,6249074,-2.4774950000000002,2.4462530000000005,0.3952417785879437,1.3811437700523697,,True,False,"[0.3420495933916128, 0.3420495933916128, 0.3420495933916128, 0.3420495933916128, 0.3420495933916128, 0.3420495933916128, 0.3420495933916128, 0.3420495933916128, 0.3420495933916128, 0.3420495933916128, 0.3420495933916128, 0.3420495933916128, 0.3420495933916128, 0.3420495933916128, 0.3420495933916128, 0.3420495933916128, 0.3420495933916128, 0.3420495933916128, 0.3420495933916128, 0.3420495933916128]",[]
target_q_3,float64,6249074,0,0.0,6249074,-1.570813795129931,3.7814300000000003,0.9040151131122308,1.7293492466399736,,True,False,"[0.08879945861848171, 0.08879945861848171, 0.08879945861848171, 0.08879945861848171, 0.08879945861848171, 0.08879945861848171, 0.08879945861848171, 0.08879945861848171, 0.08879945861848171, 0.08879945861848171, 0.08879945861848171, 0.08879945861848171, 0.08879945861848171, 0.08879945861848171, 0.08879945861848171, 0.08879945861848171, 0.08879945861848171, 0.08879945861848171, 0.08879945861848171, 0.08879945861848171]",[]
target_q_4,float64,6249074,0,0.0,6249074,-2.3863889999999994,2.6338760000000008,0.22991835683476952,1.0806436171130533,,True,False,"[2.172628496889713, 2.172628496889713, 2.172628496889713, 2.172628496889713, 2.172628496889713, 2.172628496889713, 2.172628496889713, 2.172628496889713, 2.172628496889713, 2.172628496889713, 2.172628496889713, 2.172628496889713, 2.172628496889713, 2.172628496889713, 2.172628496889713, 2.172628496889713, 2.172628496889713, 2.172628496889713, 2.172628496889713, 2.172628496889713]",[]
target_q_5,float64,6249074,0,0.0,6249074,-1.675167,4.291535048217554e-06,-1.5803938235998287,0.018259147662274156,,True,False,"[-1.5721944259178997, -1.5721944259178997, -1.5721944259178997, -1.5721944259178997, -1.5721944259178997, -1.5721944259178997, -1.5721944259178997, -1.5721944259178997, -1.5721944259178997, -1.5721944259178997, -1.5721944259178997, -1.5721944259178997, -1.5721944259178997, -1.5721944259178997, -1.5721944259178997, -1.5721944259178997, -1.5721944259178997, -1.5721944259178997, -1.5721944259178997, -1.5721944259178997]",[]
target_qd_0,float64,6249074,0,0.0,6249074,-1.3090000000000008,1.3090000000000008,0.00031214562995118686,0.201225980510534,,True,False,"[0.0, 0.0, 0.0, 0.0, 0.0, 0.0, 0.0, 0.0, 0.0, 0.0, 0.0, 0.0, 0.0, 0.0, 0.0, 0.0, 0.0, 0.0, 0.0, 0.0]",[]
target_qd_1,float64,6249074,0,0.0,6249074,-0.7884180901097448,0.7884180901097447,0.00013934001797552935,0.12943115525578694,,True,False,"[0.0, 0.0, 0.0, 0.0, 0.0, 0.0, 0.0, 0.0, 0.0, 0.0, 0.0, 0.0, 0.0, 0.0, 0.0, 0.0, 0.0, 0.0, 0.0, 0.0]",[]
target_qd_2,float64,6249074,0,0.0,6249074,-1.9303748569334969,1.9303748569334969,0.0006833231636182324,0.40277955490307726,,True,False,"[0.0, 0.0, 0.0, 0.0, 0.0, 0.0, 0.0, 0.0, 0.0, 0.0, 0.0, 0.0, 0.0, 0.0, 0.0, 0.0, 0.0, 0.0, 0.0, 0.0]",[]
target_qd_3,float64,6249074,0,0.0,6249074,-1.9890000000000008,1.9890000000000008,-0.0007396529924204454,0.4906772102891557,,True,False,"[0.0, 0.0, 0.0, 0.0, 0.0, 0.0, 0.0, 0.0, 0.0, 0.0, 0.0, 0.0, 0.0, 0.0, 0.0, 0.0, 0.0, 0.0, 0.0, 0.0]",[]
target_qd_4,float64,6249074,0,0.0,6249074,-1.6335635988917203,1.6335635988917199,-0.0004132340908489736,0.3199188043761611,,True,False,"[0.0, 0.0, 0.0, 0.0, 0.0, 0.0, 0.0, 0.0, 0.0, 0.0, 0.0, 0.0, 0.0, 0.0, 0.0, 0.0, 0.0, 0.0, 0.0, 0.0]",[]
target_qd_5,float64,6249074,0,0.0,6249074,-1.2669165665309872,0.1223172343760469,-5.236762505230532e-05,0.010804208598979521,,True,False,"[0.0, 0.0, 0.0, 0.0, 0.0, 0.0, 0.0, 0.0, 0.0, 0.0, 0.0, 0.0, 0.0, 0.0, 0.0, 0.0, 0.0, 0.0, 0.0, 0.0]",[]
target_qdd_0,float64,6249074,0,0.0,6249074,-10.000000000000002,10.000000000000002,1.8357723565576853e-05,0.29218174290799853,36264.0,False,False,"[0.0, 0.0, 0.0, 0.0, 0.0, 0.0, 0.0, 0.0, 0.0, 0.0, 0.0, 0.0, 0.0, 0.0, 0.0, 0.0, 0.0, 0.0, 0.0, 0.0]","[{""value"": ""0.0"", ""count"": 3798831}, {""value"": ""1.0000000000000009"", ""count"": 162251}, {""value"": ""-1.0000000000000009"", ""count"": 162095}, {""value"": ""-0.99999999999989"", ""count"": 16351}, {""value"": ""0.99999999999989"", ""count"": 16239}, {""value"": ""0.2372295397803925"", ""count"": 7218}, {""value"": ""-0.2372295397803925"", ""count"": 7169}, {""value"": ""0.08480569366123293"", ""count"": 5883}, {""value"": ""-0.08480569366123293"", ""count"": 5823}, {""value"": ""-0.055905880221779336"", ""count"": 5116}, {""value"": ""0.055905880221779336"", ""count"": 5078}, {""value"": ""0.29098743554445416"", ""count"": 4856}, {""value"": ""0.17303982784810934"", ""count"": 4824}, {""value"": ""-0.29098743554445416"", ""count"": 4810}, {""value"": ""-0.17303982784810934"", ""count"": 4801}, {""value"": ""0.1941639392059602"", ""count"": 4771}, {""value"": ""0.1587578075496754"", ""count"": 4749}, {""value"": ""-0.1941639392059602"", ""count"": 4741}, {""value"": ""0.005313430479199008"", ""count"": 4738}, {""value"": ""-0.1587578075496754"", ""count"": 4732}]"
target_qdd_1,float64,6249074,0,0.0,6249074,-10.000000000000009,10.000000000000009,1.57782716266374e-05,0.14860470476345575,41754.0,False,False,"[0.0, 0.0, 0.0, 0.0, 0.0, 0.0, 0.0, 0.0, 0.0, 0.0, 0.0, 0.0, 0.0, 0.0, 0.0, 0.0, 0.0, 0.0, 0.0, 0.0]","[{""value"": ""0.0"", ""count"": 3798827}, {""value"": ""-0.19884717005325125"", ""count"": 6133}, {""value"": ""0.19884717005325125"", ""count"": 6125}, {""value"": ""-0.24436698431629106"", ""count"": 5483}, {""value"": ""0.24436698431629106"", ""count"": 5473}, {""value"": ""-0.03838209601651765"", ""count"": 5203}, {""value"": ""0.03838209601651765"", ""count"": 5146}, {""value"": ""0.14289523343324895"", ""count"": 5102}, {""value"": ""-0.2812017844392445"", ""count"": 5044}, {""value"": ""0.2323323432034674"", ""count"": 5041}, {""value"": ""0.2812017844392445"", ""count"": 5026}, {""value"": ""-0.14289523343324895"", ""count"": 4909}, {""value"": ""-0.2837395409678312"", ""count"": 4864}, {""value"": ""0.2837395409678312"", ""count"": 4796}, {""value"": ""-0.07807033695451937"", ""count"": 4729}, {""value"": ""0.14965821584833616"", ""count"": 4722}, {""value"": ""-0.14965821584833616"", ""count"": 4713}, {""value"": ""-0.16227036191079902"", ""count"": 4705}, {""value"": ""0.07807033695451937"", ""count"": 4700}, {""value"": ""0.16227036191079902"", ""count"": 4685}]"
target_qdd_2,float64,6249074,0,0.0,6249074,-10.000000000000009,10.000000000000009,4.8667061218618736e-05,0.38691899008289754,46233.0,False,False,"[0.0, 0.0, 0.0, 0.0, 0.0, 0.0, 0.0, 0.0, 0.0, 0.0, 0.0, 0.0, 0.0, 0.0, 0.0, 0.0, 0.0, 0.0, 0.0, 0.0]","[{""value"": ""0.0"", ""count"": 3798821}, {""value"": ""-1.0000000000000009"", ""count"": 48024}, {""value"": ""1.0000000000000009"", ""count"": 48001}, {""value"": ""0.8677619863828312"", ""count"": 6615}, {""value"": ""-0.8677619863828312"", ""count"": 6588}, {""value"": ""0.8136469406476721"", ""count"": 6183}, {""value"": ""-0.8136469406476721"", ""count"": 6077}, {""value"": ""0.9002527240062896"", ""count"": 5834}, {""value"": ""-0.7366337860625904"", ""count"": 5831}, {""value"": ""0.7366337860625904"", ""count"": 5793}, {""value"": ""-0.9002527240062896"", ""count"": 5771}, {""value"": ""-0.053912210871878696"", ""count"": 5315}, {""value"": ""0.7526583733030723"", ""count"": 5304}, {""value"": ""0.053912210871878696"", ""count"": 5298}, {""value"": ""-0.7526583733030723"", ""count"": 5231}, {""value"": ""-0.8190745993572612"", ""count"": 5173}, {""value"": ""-0.72847057664438"", ""count"": 5115}, {""value"": ""0.8190745993572612"", ""count"": 5101}, {""value"": ""0.72847057664438"", ""count"": 5082}, {""value"": ""0.8368674334870985"", ""count"": 4985}]"
target_qdd_3,float64,6249074,0,0.0,6249074,-20.000000000000018,20.000000000000018,-6.181052672913873e-05,0.44616868192822856,29525.0,False,False,"[0.0, 0.0, 0.0, 0.0, 0.0, 0.0, 0.0, 0.0, 0.0, 0.0, 0.0, 0.0, 0.0, 0.0, 0.0, 0.0, 0.0, 0.0, 0.0, 0.0]","[{""value"": ""0.0"", ""count"": 3798825}, {""value"": ""-1.0000000000000009"", ""count"": 286989}, {""value"": ""0.99999999999989"", ""count"": 284948}, {""value"": ""1.0000000000000009"", ""count"": 284154}, {""value"": ""-0.99999999999989"", ""count"": 282592}, {""value"": ""0.05308783531955685"", ""count"": 4486}, {""value"": ""-0.084694045851888"", ""count"": 4482}, {""value"": ""0.084694045851888"", ""count"": 4297}, {""value"": ""-0.05308783531955685"", ""count"": 4161}, {""value"": ""-0.02130010899203255"", ""count"": 4160}, {""value"": ""0.02130010899203255"", ""count"": 4132}, {""value"": ""0.08537118408021016"", ""count"": 4054}, {""value"": ""-0.1790042284876836"", ""count"": 4041}, {""value"": ""-0.14678327327441454"", ""count"": 4033}, {""value"": ""0.1790042284876836"", ""count"": 3998}, {""value"": ""-0.10065106799173053"", ""count"": 3986}, {""value"": ""0.14678327327441454"", ""count"": 3976}, {""value"": ""0.10065106799173053"", ""count"": 3932}, {""value"": ""-0.09015356287976617"", ""count"": 3912}, {""value"": ""0.12143202817332945"", ""count"": 3866}]"
target_qdd_4,float64,6249074,0,0.0,6249074,-20.000000000000004,20.000000000000004,-1.014536812534695e-05,0.40180803182451574,30203.0,False,False,"[0.0, 0.0, 0.0, 0.0, 0.0, 0.0, 0.0, 0.0, 0.0, 0.0, 0.0, 0.0, 0.0, 0.0, 0.0, 0.0, 0.0, 0.0, 0.0, 0.0]","[{""value"": ""0.0"", ""count"": 3798831}, {""value"": ""-1.0000000000000009"", ""count"": 261363}, {""value"": ""1.0000000000000009"", ""count"": 260400}, {""value"": ""0.99999999999989"", ""count"": 97307}, {""value"": ""-0.99999999999989"", ""count"": 96144}, {""value"": ""-0.28138503679153715"", ""count"": 6187}, {""value"": ""0.28138503679153715"", ""count"": 6146}, {""value"": ""-0.2269539020796629"", ""count"": 5572}, {""value"": ""0.2269539020796629"", ""count"": 5557}, {""value"": ""-0.14550593099091347"", ""count"": 5366}, {""value"": ""0.14550593099091347"", ""count"": 5344}, {""value"": ""-0.2292028015017377"", ""count"": 4949}, {""value"": ""0.2292028015017377"", ""count"": 4945}, {""value"": ""-0.2340455008496001"", ""count"": 4872}, {""value"": ""0.2340455008496001"", ""count"": 4852}, {""value"": ""0.20724160171559086"", ""count"": 4832}, {""value"": ""-0.2337761394705651"", ""count"": 4818}, {""value"": ""0.2337761394705651"", ""count"": 4816}, {""value"": ""-0.20724160171559086"", ""count"": 4798}, {""value"": ""-0.18271953153897733"", ""count"": 4765}]"
target_qdd_5,float64,6249074,0,0.0,6249074,-1.4320312499999932,1.0000000000000009,-8.897974360847408e-07,0.01862952810455158,42246.0,False,False,"[0.0, 0.0, 0.0, 0.0, 0.0, 0.0, 0.0, 0.0, 0.0, 0.0, 0.0, 0.0, 0.0, 0.0, 0.0, 0.0, 0.0, 0.0, 0.0, 0.0]","[{""value"": ""0.0"", ""count"": 3798835}, {""value"": ""0.006414081579397477"", ""count"": 6903}, {""value"": ""-0.006414081579397477"", ""count"": 6872}, {""value"": ""-0.006699676100124438"", ""count"": 5450}, {""value"": ""-0.007307299743020135"", ""count"": 5447}, {""value"": ""0.007307299743020135"", ""count"": 5419}, {""value"": ""0.006699676100124438"", ""count"": 5359}, {""value"": ""0.014831386269002766"", ""count"": 5290}, {""value"": ""-0.014831386269002766"", ""count"": 5264}, {""value"": ""-0.006786201480956863"", ""count"": 5241}, {""value"": ""0.0072114544647176185"", ""count"": 5240}, {""value"": ""-0.0072114544647176185"", ""count"": 5239}, {""value"": ""0.006786201480956863"", ""count"": 5231}, {""value"": ""-0.012219581807772913"", ""count"": 5147}, {""value"": ""0.012219581807772913"", ""count"": 5116}, {""value"": ""-0.015286025360824325"", ""count"": 5029}, {""value"": ""0.015286025360824325"", ""count"": 5012}, {""value"": ""-0.010234136894200429"", ""count"": 4912}, {""value"": ""0.007992914862073321"", ""count"": 4903}, {""value"": ""-0.007992914862073321"", ""count"": 4899}]"
target_current_0,float64,6249074,0,0.0,6249074,-0.6953537121966314,0.7074557424972123,0.0014862664934020863,0.21328462133902337,,True,False,"[-8.360321417768191e-18, -2.5159446087278887e-17, -1.4007739013904004e-17, 9.286275580104588e-17, -1.989219351862381e-17, 3.8601617915004e-17, 4.327162119407418e-18, -3.7381915942651086e-17, -5.187605309324666e-17, 1.6790436611748012e-17, -1.0317423183034132e-17, -5.45391336111301e-17, 4.070557892062199e-18, 4.7567505915592526e-17, 1.5790345575407923e-17, 2.2607551994010908e-17, -5.923690424065349e-17, -1.4684457012522785e-17, 1.1502423696555282e-17, -5.923690424065349e-17]",[]
target_current_1,float64,6249074,0,0.0,6249074,-2.001207009102788,1.819513030490425,-0.5367669487584108,0.998850354959932,,True,False,"[-1.7006182852861556, -1.7005926611696054, -1.7005976587666949, -1.7006117695684695, -1.7005910386220957, -1.700610683979921, -1.7005913613872166, -1.7005903363176944, -1.7005983001584541, -1.70059924920866, -1.7006057102827368, -1.7005993172831049, -1.7005829144408011, -1.7006115511800592, -1.7006072781101775, -1.7006095769009255, -1.7005990886401694, -1.7006028053266302, -1.7006192050248554, -1.7005990886401694]",[]
target_current_2,float64,6249074,0,0.0,6249074,-1.2998916301573422,1.3930549094996476,-0.3014994844688086,0.7058885670196645,,True,False,"[-0.8361742358575529, -0.8361708553111922, -0.8361772829603034, -0.8361732493572681, -0.8361761629195463, -0.8361718531298128, -0.8361765780432359, -0.8361752596522007, -0.8361781078849816, -0.8361719342514639, -0.8361728500879894, -0.8361794160577372, -0.8361805034855608, -0.8361729684774677, -0.8361674726775196, -0.8361704292624623, -0.8361791219891012, -0.8361765079452016, -0.8361754187775706, -0.8361791219891012]",[]
target_current_3,float64,6249074,0,0.0,6249074,-0.6509932647300801,0.6750283105900501,0.0004371067367322057,0.1899494710161547,,True,False,"[-0.07608500137015774, -0.07608500137015778, -0.07610231747023123, -0.07608109529473618, -0.07609624979823508, -0.07607984718757814, -0.07609901052535227, -0.07609432322734512, -0.07610047032030816, -0.07608737475524759, -0.07608565035794795, -0.07610326051034676, -0.07611099017608497, -0.07608049620870719, -0.07606502692938004, -0.07607508033959905, -0.07610450861755214, -0.07609338006589325, -0.07608565035794791, -0.07610450861755214]",[]
target_current_4,float64,6249074,0,0.0,6249074,-0.5500677102335508,0.5315793541253222,-0.002522936332212452,0.15702877492497183,,True,False,"[2.522301639903745e-05, 2.5223016399035635e-05, 2.206446843615556e-05, 2.585006410513192e-05, 2.274278146070737e-05, 2.58509614261594e-05, 2.2691074128904692e-05, 2.3343554372784532e-05, 2.2065602041153746e-05, 2.454708805005981e-05, 2.522256109382497e-05, 2.1414285160262792e-05, 2.0185352035167046e-05, 2.585049482105756e-05, 2.9007782941451613e-05, 2.7102867348269103e-05, 2.141354184240953e-05, 2.3993580996574e-05, 2.5222561093828518e-05, 2.141354184240953e-05]",[]
target_current_5,float64,6249074,0,0.0,6249074,-0.3099393289089236,0.19604444184700354,-0.0005520696989072134,0.06987260682555824,,True,False,"[0.0, 0.0, 0.0, 0.0, 0.0, 0.0, 0.0, 0.0, 0.0, 0.0, 0.0, 0.0, 0.0, 0.0, 0.0, 0.0, 0.0, 0.0, 0.0, 0.0]",[]
target_moment_0,float64,6249074,0,0.0,6249074,-6.474702151856703,8.00524376045788,5.950146242053817e-06,0.29436521124924303,,True,False,"[-8.68996155888941e-17, -2.6151460980524024e-16, -1.4560051877799267e-16, 9.652425281742897e-16, -2.0676525262706463e-16, 4.0123645854021446e-16, 4.497778326658051e-17, -3.885585210263266e-16, -5.392148036906e-16, 1.7452468801374161e-16, -1.0724230130292696e-16, -5.668956381612108e-16, 4.2310564196821646e-17, 4.944305095498242e-16, 1.6412945052596418e-16, 2.3498947941285437e-16, -6.157256342140847e-16, -1.5263452273591186e-16, 1.1955954174762746e-16, -6.157256342140847e-16]",[]
target_moment_1,float64,6249074,0,0.0,6249074,-22.120478813606766,16.544956608723435,-5.635438038050468,10.349808496312114,,True,False,"[-17.875239836594087, -17.874970500886658, -17.87502303075027, -17.875171349728245, -17.874953446250622, -17.87515993908082, -17.87495683884261, -17.874946064312113, -17.875029772434523, -17.875039747924138, -17.875107660429684, -17.875040463456273, -17.874868052784976, -17.875169054242395, -17.87512413990175, -17.875148302546773, -17.875038060184863, -17.875077126365944, -17.875249503989753, -17.875038060184863]",[]
target_moment_2,float64,6249074,0,0.0,6249074,-10.635717042689704,7.2135945638278365,-2.4689326420161932,5.526863638926021,,True,False,"[-6.833621095821399, -6.8335934683582025, -6.8336459982218125, -6.833613033662977, -6.833636844705932, -6.83360162301555, -6.833640237297907, -6.833629462767428, -6.833652739906071, -6.833602285980997, -6.8336097706409324, -6.8336634309278175, -6.8336723179150045, -6.833610738177124, -6.833565823836484, -6.833589986481504, -6.833661027656407, -6.833639664422799, -6.8336307632170685, -6.833661027656407]",[]
target_moment_3,float64,6249074,0,0.0,6249074,-2.1160646913828023,2.1241803247122304,0.0049928847648461555,0.23596769142934962,,True,False,"[-0.29153082510441697, -0.29153082510441714, -0.2915971742777245, -0.29151585840440963, -0.2915739251038841, -0.2915110760990531, -0.29158450323413154, -0.2915665431653804, -0.2915900966522863, -0.2915399190769618, -0.2915333117961769, -0.2916007876740317, -0.29163040502028736, -0.2915135629185557, -0.29145429010939744, -0.29149281122293474, -0.2916055699795697, -0.2915629293041552, -0.2915333117961768, -0.2916055699795697]",[]
target_moment_4,float64,6249074,0,0.0,6249074,-1.6189829788611985,1.5349667316722435,-0.003981490108928928,0.029580101793069073,,True,False,"[9.624704240166043e-05, 9.624704240165348e-05, 8.419452279410179e-05, 9.863975730147872e-05, 8.678285804325653e-05, 9.864318133663825e-05, 8.658555104088394e-05, 8.907531248358531e-05, 8.419884845153313e-05, 9.366780669744e-05, 9.624530502896092e-05, 8.171352621805036e-05, 7.702411172738658e-05, 9.864140084534764e-05, 0.00011068911309317458, 0.00010342025638832719, 8.171068983465317e-05, 9.155571129997992e-05, 9.624530502897446e-05, 8.171068983465317e-05]",[]
target_moment_5,float64,6249074,0,0.0,6249074,-0.10205408754414184,0.07126558539539747,-6.348811260685257e-08,0.001329490664421784,,True,False,"[0.0, 0.0, 0.0, 0.0, 0.0, 0.0, 0.0, 0.0, 0.0, 0.0, 0.0, 0.0, 0.0, 0.0, 0.0, 0.0, 0.0, 0.0, 0.0, 0.0]",[]
actual_q_0,float64,6249074,0,0.0,6249074,-1.627561394368307,0.9213294982910156,-0.31939141135521737,0.5375435869237003,,True,False,"[0.12828779220581055, 0.12828779220581055, 0.12832403182983398, 0.12827587127685547, 0.12827587127685547, 0.12828779220581055, 0.12827587127685547, 0.12832403182983398, 0.12827587127685547, 0.1283116340637207, 0.12827587127685547, 0.1283116340637207, 0.12828779220581055, 0.12828779220581055, 0.12828779220581055, 0.12828779220581055, 0.1282639503479004, 0.12830018997192386, 0.12830018997192386, 0.12827587127685547]",[]
actual_q_1,float64,6249074,0,0.0,6249074,-2.400972982446188,-0.42583735406909184,-1.2871537279165117,0.4586356426319002,,True,False,"[-0.4304312032512208, -0.4304073613933106, -0.4304192823222657, -0.4303954404643555, -0.4303954404643555, -0.4304192823222657, -0.4304073613933106, -0.4304073613933106, -0.4303835195354005, -0.4303954404643555, -0.4304073613933106, -0.4303835195354005, -0.4304073613933106, -0.4304312032512208, -0.4303954404643555, -0.4304073613933106, -0.4303954404643555, -0.4304073613933106, -0.4304073613933106, -0.4303835195354005]",[]
actual_q_2,float64,6249074,0,0.0,6249074,-2.478724479675293,2.4471719900714315,0.39524159598662567,1.3811435949051991,,True,False,"[0.3420503775226038, 0.3420503775226038, 0.3420503775226038, 0.3420627752887171, 0.3420503775226038, 0.3420150915728968, 0.3420379797564905, 0.3420627752887171, 0.3420379797564905, 0.3420379797564905, 0.3420150915728968, 0.342074219380514, 0.3420379797564905, 0.3420379797564905, 0.3420379797564905, 0.34202653566469365, 0.342074219380514, 0.3420379797564905, 0.342074219380514, 0.3420627752887171]",[]
actual_q_3,float64,6249074,0,0.0,6249074,-1.5708614788451136,3.781867189998291,0.9040158205765529,1.7293506334225028,,True,False,"[0.08877675115551753, 0.08881299077954098, 0.08883683263745112, 0.08881299077954098, 0.08881299077954098, 0.08876435338940425, 0.08881299077954098, 0.08877675115551753, 0.08882443487133784, 0.08876435338940425, 0.08877675115551753, 0.08880059301342769, 0.08881299077954098, 0.08877675115551753, 0.08882443487133784, 0.08878914892163081, 0.08881299077954098, 0.08881299077954098, 0.08881299077954098, 0.08880059301342769]",[]
actual_q_4,float64,6249074,0,0.0,6249074,-2.3869941870318807,2.634350299835205,0.22991873349046985,1.0806439198180635,,True,False,"[2.172592639923096, 2.172592639923096, 2.1726527214050293, 2.172640323638916, 2.1726527214050293, 2.172640323638916, 2.1726527214050293, 2.1726174354553223, 2.172628879547119, 2.172628879547119, 2.1726527214050293, 2.172605037689209, 2.1726527214050293, 2.1726527214050293, 2.172628879547119, 2.172605037689209, 2.172628879547119, 2.1726527214050293, 2.172605037689209, 2.172628879547119]",[]
actual_q_5,float64,6249074,0,0.0,6249074,-1.6753981749164026,4.00543212890625e-05,-1.5803938085014375,0.018260322371002554,,True,False,"[-1.5722301642047327, -1.5722182432757776, -1.5721820036517542, -1.5722420851336878, -1.5722301642047327, -1.5722058455096644, -1.5721944014178677, -1.5721820036517542, -1.5722182432757776, -1.5721944014178677, -1.572158161793844, -1.5722058455096644, -1.5721820036517542, -1.5722420851336878, -1.5722058455096644, -1.5721944014178677, -1.5721944014178677, -1.5721820036517542, -1.5721944014178677, -1.5722058455096644]",[]
actual_qd_0,float64,6249074,0,0.0,6249074,-1.3131786584854126,1.3125996589660645,0.000311868855818665,0.20122057442542401,,True,False,"[0.0, 0.0, 0.0, 0.0, 0.0, 0.0, 0.0, 0.0, 0.0, 0.0, 0.0, 0.0, 0.0, 0.0, 0.0, 0.0, 0.0, 0.0, 0.0, 0.0]",[]
actual_qd_1,float64,6249074,0,0.0,6249074,-0.7896681427955627,0.7916280627250671,0.000138029034573287,0.1290377569897814,,True,False,"[0.0, 0.0, 0.0, 0.0, 0.0, 0.0, 0.0, 0.0, 0.0, 0.0, 0.0, 0.0, 0.0, 0.0, 0.0, 0.0, 0.0, 0.0, 0.0, 0.0]",[]
actual_qd_2,float64,6249074,0,0.0,6249074,-1.9365992546081543,1.9417091608047483,0.0006815908226434191,0.40229135283862705,,True,False,"[-0.0, -0.0, -0.0, -0.0, -0.0, -0.0, -0.0, -0.0, -0.0, -0.0, -0.0, -0.0, -0.0, -0.0, -0.0, -0.0, -0.0, -0.0, -0.0, -0.0]",[]
actual_qd_3,float64,6249074,0,0.0,6249074,-2.01781702041626,2.022688388824464,-0.000739831071756391,0.4907049504375411,,True,False,"[-0.0, -0.0, -0.0, -0.0, -0.0, -0.0, -0.0, -0.0, -0.0, -0.0, -0.0, -0.0, -0.0, -0.0, -0.0, -0.0, -0.0, -0.0, -0.0, -0.0]",[]
actual_qd_4,float64,6249074,0,0.0,6249074,-1.6525111198425293,1.6617425680160522,-0.00041307896542148293,0.3199594407705523,,True,False,"[0.0, 0.0, 0.0, 0.0, 0.0, 0.0, 0.0, 0.0, 0.0, 0.0, 0.0, 0.0, 0.0, 0.0, 0.0, 0.0, 0.0, 0.0, 0.0, 0.0]",[]
actual_qd_5,float64,6249074,0,0.0,6249074,-1.2670602798461914,0.13039623200893402,-5.247556609314691e-05,0.011061042848286188,,True,False,"[0.0, 0.0, 0.0, 0.0, 0.0, 0.0, 0.0, 0.0, 0.0, 0.0, 0.0, 0.0, 0.0, 0.0, 0.0, 0.0, 0.0, 0.0, 0.0, 0.0]",[]
actual_current_0,float64,6249074,0,0.0,6249074,-0.9828412532806396,1.276759147644043,-0.02461181635987173,0.27199801014153013,,True,False,"[0.06153025850653648, 0.07222571969032288, 0.04695973545312882, 0.03082937002182007, 0.06596508622169495, 0.038196563720703125, 0.07942284643650055, 0.0568736307322979, 0.07136406004428864, 0.05989035218954086, 0.05731672793626785, 0.08328380435705185, 0.06338839232921599, 0.07882975041866302, 0.05373643338680266, 0.06130528077483177, 0.05446608364582062, 0.0652453750371933, 0.060140300542116165, 0.05197377875447273]",[]
actual_current_1,float64,6249074,0,0.0,6249074,-3.9341547489166255,3.7377991676330566,-0.7868090548306595,1.4479968557154468,,True,False,"[-3.347223281860352, -3.3483827114105225, -3.346940755844116, -3.359189510345459, -3.3335049152374268, -3.3401429653167725, -3.3388347625732417, -3.337202787399292, -3.3511908054351807, -3.349900484085083, -3.3168318271636963, -3.3304648399353027, -3.3437628746032715, -3.320381164550781, -3.349849939346313, -3.333849668502808, -3.3415529727935787, -3.34090518951416, -3.34570050239563, -3.3326139450073238]",[]
actual_current_2,float64,6249074,0,0.0,6249074,-2.974075555801392,3.1124343872070312,-0.505982984991848,1.1652455203455512,,True,False,"[-1.7774875164031982, -1.7778513431549072, -1.779716968536377, -1.769967555999756, -1.7826588153839111, -1.7795364856719968, -1.7824918031692505, -1.7616534233093262, -1.7766311168670654, -1.7754049301147459, -1.776195764541626, -1.7814571857452393, -1.7903977632522583, -1.777968168258667, -1.773800253868103, -1.7848634719848633, -1.7851794958114624, -1.7765562534332275, -1.7728484869003296, -1.7828832864761353]",[]
actual_current_3,float64,6249074,0,0.0,6249074,-2.0204331874847408,2.804445743560791,-0.021037583975880358,0.6479408314474207,,True,False,"[-1.0078161954879759, -1.0133883953094482, -1.0207706689834597, -1.0267075300216677, -1.0081648826599119, -1.009577751159668, -1.016895055770874, -1.006473183631897, -1.01350998878479, -1.00393545627594, -1.012648344039917, -1.0113844871520996, -1.008096694946289, -1.0167583227157593, -1.0236587524414062, -1.013034105300903, -1.0063459873199463, -1.013985276222229, -1.0090371370315552, -1.000129461288452]",[]
actual_current_4,float64,6249074,0,0.0,6249074,-1.3191370964050293,3.09269118309021,0.027125194193987304,0.29810841616935824,,True,False,"[-0.009091024287045002, -0.006479968316853046, -0.004481555428355932, -0.01072179339826107, -0.017837446182966232, -0.004716134630143642, -0.01435696519911289, 0.003402938134968281, -0.018043039366602898, 0.007213972508907319, 0.0019773144740611315, -0.012181291356682777, -0.006656414829194546, -0.00877294410020113, -0.00977841392159462, -0.012455346062779428, -0.00037522939965128904, -0.006587692536413671, -0.0008318550535477697, -0.014321992173790932]",[]
actual_current_5,float64,6249074,0,0.0,6249074,-0.7191694974899292,1.834911584854126,0.031651746649318864,0.17143322213640796,,True,False,"[0.013676426373422146, 0.02151408977806568, 0.025733022019267082, 0.013379748910665512, 0.03221182152628898, 0.02777120098471641, 0.008527003228664398, 0.029356926679611206, 0.0315118134021759, 0.026873480528593063, 0.01298770122230053, 0.034058112651109695, 0.02408100664615631, 0.02191942557692528, 0.01289520785212517, 0.009218392893671993, 0.02601988241076469, 0.020417513325810432, 0.019719235599040985, 0.028465213254094124]",[]
joint_control_output_0,float64,6249074,0,0.0,6249074,-0.6953537121966314,0.7074557424972123,0.0014862664934020863,0.21328462133902337,,True,False,"[-8.360321417768191e-18, -2.5159446087278887e-17, -1.4007739013904004e-17, 9.286275580104588e-17, -1.989219351862381e-17, 3.8601617915004e-17, 4.327162119407418e-18, -3.7381915942651086e-17, -5.187605309324666e-17, 1.6790436611748012e-17, -1.0317423183034132e-17, -5.45391336111301e-17, 4.070557892062199e-18, 4.7567505915592526e-17, 1.5790345575407923e-17, 2.2607551994010908e-17, -5.923690424065349e-17, -1.4684457012522785e-17, 1.1502423696555282e-17, -5.923690424065349e-17]",[]
joint_control_output_1,float64,6249074,0,0.0,6249074,-2.001207009102788,1.819513030490425,-0.5367669487584108,0.998850354959932,,True,False,"[-1.7006182852861556, -1.7005926611696054, -1.7005976587666949, -1.7006117695684695, -1.7005910386220957, -1.700610683979921, -1.7005913613872166, -1.7005903363176944, -1.7005983001584541, -1.70059924920866, -1.7006057102827368, -1.7005993172831049, -1.7005829144408011, -1.7006115511800592, -1.7006072781101775, -1.7006095769009255, -1.7005990886401694, -1.7006028053266302, -1.7006192050248554, -1.7005990886401694]",[]
joint_control_output_2,float64,6249074,0,0.0,6249074,-1.2998916301573422,1.3930549094996476,-0.3014994844688086,0.7058885670196645,,True,False,"[-0.8361742358575529, -0.8361708553111922, -0.8361772829603034, -0.8361732493572681, -0.8361761629195463, -0.8361718531298128, -0.8361765780432359, -0.8361752596522007, -0.8361781078849816, -0.8361719342514639, -0.8361728500879894, -0.8361794160577372, -0.8361805034855608, -0.8361729684774677, -0.8361674726775196, -0.8361704292624623, -0.8361791219891012, -0.8361765079452016, -0.8361754187775706, -0.8361791219891012]",[]
joint_control_output_3,float64,6249074,0,0.0,6249074,-0.6509932647300801,0.6750283105900501,0.0004371067367322057,0.1899494710161547,,True,False,"[-0.07608500137015774, -0.07608500137015778, -0.07610231747023123, -0.07608109529473618, -0.07609624979823508, -0.07607984718757814, -0.07609901052535227, -0.07609432322734512, -0.07610047032030816, -0.07608737475524759, -0.07608565035794795, -0.07610326051034676, -0.07611099017608497, -0.07608049620870719, -0.07606502692938004, -0.07607508033959905, -0.07610450861755214, -0.07609338006589325, -0.07608565035794791, -0.07610450861755214]",[]
joint_control_output_4,float64,6249074,0,0.0,6249074,-0.5500677102335508,0.5315793541253222,-0.002522936332212452,0.15702877492497183,,True,False,"[2.522301639903745e-05, 2.5223016399035635e-05, 2.206446843615556e-05, 2.585006410513192e-05, 2.274278146070737e-05, 2.58509614261594e-05, 2.2691074128904692e-05, 2.3343554372784532e-05, 2.2065602041153746e-05, 2.454708805005981e-05, 2.522256109382497e-05, 2.1414285160262792e-05, 2.0185352035167046e-05, 2.585049482105756e-05, 2.9007782941451613e-05, 2.7102867348269103e-05, 2.141354184240953e-05, 2.3993580996574e-05, 2.5222561093828518e-05, 2.141354184240953e-05]",[]
joint_control_output_5,float64,6249074,0,0.0,6249074,-0.3099393289089236,0.19604444184700354,-0.0005520696989072134,0.06987260682555824,,True,False,"[0.0, 0.0, 0.0, 0.0, 0.0, 0.0, 0.0, 0.0, 0.0, 0.0, 0.0, 0.0, 0.0, 0.0, 0.0, 0.0, 0.0, 0.0, 0.0, 0.0]",[]
actual_TCP_pose_0,float64,6249074,0,0.0,6249074,-0.5905645571016761,0.2061144581591327,-0.21708377550071978,0.2081119148306979,,True,False,"[-0.5805109899725013, -0.5805004842820229, -0.5804900506534882, -0.5804918187465411, -0.5804942859040007, -0.5805178133456246, -0.5805008692182471, -0.5805031657325962, -0.5804957672952529, -0.5805094761052373, -0.5805169313797653, -0.580492886981324, -0.5805005582774906, -0.5805077071963534, -0.5804968479618736, -0.5805119009576355, -0.580494806345667, -0.5804993361802369, -0.5804946698250025, -0.5804968601597592]",[]
actual_TCP_pose_1,float64,6249074,0,0.0,6249074,-0.5813644310728268,0.23701999594047402,-0.2418373390524813,0.19739015049409359,,True,False,"[-0.09857503186413323, -0.09857513686006167, -0.09859052344614397, -0.09855648039085448, -0.09855637815432401, -0.09857156361697968, -0.09856178130955592, -0.09859776953977732, -0.09856177361936458, -0.09858786067737103, -0.09856848980805033, -0.09858794843957018, -0.098570390003351, -0.09856372550632947, -0.0985705717148656, -0.0985777246838208, -0.09855764809695823, -0.09857758690592516, -0.09858285290201016, -0.09856352639423438]",[]
actual_TCP_pose_2,float64,6249074,0,0.0,6249074,0.011421557494506546,0.6934985366273329,0.07000967523106139,0.07541861131297946,,True,False,"[0.03408889663710102, 0.03406926475762395, 0.03407261556595986, 0.034057773705375216, 0.03406232268484238, 0.03409676919066351, 0.034073847572704236, 0.03407030000970476, 0.03405805837849277, 0.03407432495337465, 0.03408780744369663, 0.03404840765123328, 0.03407383527888205, 0.03409351478111222, 0.034065057405443994, 0.03408168366820638, 0.0340535159299904, 0.03407383527888205, 0.03406050446420013, 0.034052629667172235]",[]
actual_TCP_pose_3,float64,6249074,0,0.0,6249074,-3.1408846649766318,3.1415185089446505,0.5747360364193982,2.429838678910366,,True,False,"[-3.047141865962961, -3.0471323773693166, -3.047153803344861, -3.047079592140612, -3.0470905859886783, -3.0471597156857366, -3.04713277031516, -3.0471791771374286, -3.0471067982404203, -3.0471674227666354, -3.047187464030709, -3.0471362080306457, -3.0471488815178214, -3.047112839050817, -3.04712701355035, -3.0471668397205387, -3.0471205392280667, -3.0471534470859916, -3.0471467288884133, -3.0471182398597114]",[]
actual_TCP_pose_4,float64,6249074,0,0.0,6249074,-2.9594955609828455,2.8756628617278874,1.0344810980981411,1.5910955937398712,,True,False,"[0.7342139671453775, 0.7342116508216155, 0.7342552454764625, 0.7342949285198703, 0.7343176420137293, 0.7342953085068192, 0.7343278569016164, 0.7342041486934258, 0.7342831789879124, 0.7342399411853447, 0.73434103471563, 0.7341937383423708, 0.7343124831567951, 0.7343039803347594, 0.7342688403633455, 0.7342400216227639, 0.7343053083779612, 0.7342935975267789, 0.7342148113950155, 0.734285599934511]",[]
actual_TCP_pose_5,float64,6249074,0,0.0,6249074,-0.03717752684348174,1.2052010113579843,0.00020795587370616204,0.013931287929573781,,True,False,"[0.0036373676085177256, 0.003553780608505483, 0.0035500714106764717, 0.0035094803730003955, 0.003532055275711075, 0.0036988150809930814, 0.003580829373499635, 0.003602322069452305, 0.0035203022619474033, 0.003634710156580946, 0.003680738076018985, 0.0035068596125561523, 0.003585462476364391, 0.0036513123371990407, 0.003542393140179965, 0.0036324041927400415, 0.0035101846121555307, 0.0035855325531280744, 0.0035277721486399287, 0.0035234826265849407]",[]
actual_TCP_speed_0,float64,6249074,0,0.0,6249074,-0.4665682083967853,0.4675235319368705,-2.3980442944077046e-06,0.0842633066464778,,True,False,"[0.0, 0.0, 0.0, 0.0, 0.0, 0.0, 0.0, 0.0, 0.0, 0.0, 0.0, 0.0, 0.0, 0.0, 0.0, 0.0, 0.0, 0.0, 0.0, 0.0]",[]
actual_TCP_speed_1,float64,6249074,0,0.0,6249074,-0.5090638143395129,0.5065057100939342,-7.676728067957402e-05,0.08073500882727216,,True,False,"[0.0, 0.0, 0.0, 0.0, 0.0, 0.0, 0.0, 0.0, 0.0, 0.0, 0.0, 0.0, 0.0, 0.0, 0.0, 0.0, 0.0, 0.0, 0.0, 0.0]",[]
actual_TCP_speed_2,float64,6249074,0,0.0,6249074,-0.6146318282496375,0.2970672805861284,-1.5867281672955457e-05,0.07793707832881529,,True,False,"[0.0, 0.0, 0.0, 0.0, 0.0, 0.0, 0.0, 0.0, 0.0, 0.0, 0.0, 0.0, 0.0, 0.0, 0.0, 0.0, 0.0, 0.0, 0.0, 0.0]",[]
actual_TCP_speed_3,float64,6249074,0,0.0,6249074,-0.14735743989476738,0.25270820140005,-2.4639290978413086e-05,0.007738633708171252,,True,False,"[0.0, 0.0, 0.0, 0.0, 0.0, 0.0, 0.0, 0.0, 0.0, 0.0, 0.0, 0.0, 0.0, 0.0, 0.0, 0.0, 0.0, 0.0, 0.0, 0.0]",[]
actual_TCP_speed_4,float64,6249074,0,0.0,6249074,-1.2568530136775715,0.20805042045832609,-2.8203129812991537e-05,0.012083621716378182,,True,False,"[0.0, 0.0, 0.0, 0.0, 0.0, 0.0, 0.0, 0.0, 0.0, 0.0, 0.0, 0.0, 0.0, 0.0, 0.0, 0.0, 0.0, 0.0, 0.0, 0.0]",[]
actual_TCP_speed_5,float64,6249074,0,0.0,6249074,-1.8855400113674456,1.8786438188541223,0.0007260409995672902,0.3130872720085729,,True,False,"[0.0, 0.0, 0.0, 0.0, 0.0, 0.0, 0.0, 0.0, 0.0, 0.0, 0.0, 0.0, 0.0, 0.0, 0.0, 0.0, 0.0, 0.0, 0.0, 0.0]",[]
actual_TCP_force_0,float64,6249074,0,0.0,6249074,-73.14996993936819,65.66845924890929,0.19066872182681832,4.288063432330207,,True,False,"[0.7247351571147542, 0.6819984161192737, 0.8161249765206687, 0.8236334620558972, 0.9395591342844852, 0.7559409155585021, 0.8004447109928579, 0.8208325882167682, 0.5528571577062937, 0.5835897565193636, 0.4686964509085726, 0.5465186307920009, 0.6485874603215537, 0.5578197044290495, 0.7847878090458026, 0.6798948432255003, 0.7757622348180195, 0.6523953556762088, 0.7233516353694819, 0.6681861395993588]",[]
actual_TCP_force_1,float64,6249074,0,0.0,6249074,-36.130791780172316,72.2657065477662,0.7336939045128065,4.238233621447124,,True,False,"[0.06242645762222515, 0.1262203731343549, 0.015648205112573862, -0.03790663256105031, -0.05000876656599757, -0.0006062033731516483, 0.014956391951990168, -0.013158159055116804, 0.11024524349083786, 0.06457618190131112, 0.05801569382657287, 0.1538339718153023, 0.03816526691858724, 0.0149552909530154, 0.049628906269822026, 0.03766026613163892, 0.03716639535321509, 0.023376547951646055, 0.033398529048355614, 0.007682211560348817]",[]
actual_TCP_force_2,float64,6249074,0,0.0,6249074,-82.88497203980283,78.855843084134,8.01718612316041,11.95493298654272,,True,False,"[-0.6544326505623199, -0.6117871290877359, -0.6069792187894499, -0.7007182956219611, -0.6247946171537596, -0.5846295410819778, -0.548458919306965, -0.5942973050181992, -0.6271190815798434, -0.7095420031947024, -0.7463888149781178, -0.5676381942382087, -0.6387234605592893, -0.5802057027113854, -0.5091200038864953, -0.6139048306278087, -0.5162367651605763, -0.6137452489483373, -0.5316661466591359, -0.4847122241491885]",[]
actual_TCP_force_3,float64,6249074,0,0.0,6249074,-7.68867574446064,5.7401186389986005,-0.2739112804223585,0.7929588661517274,,True,False,"[-0.01682225203523513, -0.015006264609520668, -0.013771149810142588, -0.0162708048563454, -0.013552171051979476, -0.015261542120276519, -0.016536408605055158, -0.015730207530683504, -0.017211278070426682, -0.015576598577996759, -0.014495592963458884, -0.0177222385933321, -0.015638250276108538, -0.014806093223162776, -0.014208761313350153, -0.01269262855389166, -0.017530417489304274, -0.016517148169503698, -0.015928131309992658, -0.01747806030792633]",[]
actual_TCP_force_4,float64,6249074,0,0.0,6249074,-5.4020041578083715,5.173877356171225,0.14791655907808687,0.7065118756822016,,True,False,"[0.008586265947139779, 0.006064606659391741, 0.007101071367876168, 0.009696114708286649, 0.008451116075225246, 0.005977684417031987, 0.007203159658529197, 0.008101725748235174, 0.0048872483040678346, 0.008676665191476439, 0.008008941708639375, 0.005968381345280375, 0.005540770787835761, 0.007788501699339073, 0.0037226785536457756, 0.007111159698704584, 0.006289879235332532, 0.0067975019873347964, 0.005776607911893105, 0.004166665224924397]",[]
actual_TCP_force_5,float64,6249074,0,0.0,6249074,-3.085439137788279,2.7774431189652016,0.011523024998023169,0.2561176319052525,,True,False,"[-0.003977738553051465, -0.0017975047797918297, -0.00408296086993988, -0.004544918894137946, -0.0037353305903000187, -0.005436214386315607, -0.004223217260821567, -0.00357614828039885, -0.003123209124809659, -0.0047919126500723325, -0.00511403217563595, -0.0016311013480981881, -0.003553890705607345, -0.007129203138526128, -0.002663614924823529, -0.0039790350149662606, -0.0035916000650852635, -0.002844310478251486, -0.004009457559138426, -0.003884534937093252]",[]
target_TCP_pose_0,float64,6249074,0,0.0,6249074,-0.5905760867146074,0.2060529398977352,-0.21708381540321775,0.20811171395471642,,True,False,"[-0.5805005194299138, -0.5805005194299138, -0.5805005194299138, -0.5805005194299138, -0.5805005194299138, -0.5805005194299138, -0.5805005194299138, -0.5805005194299138, -0.5805005194299138, -0.5805005194299138, -0.5805005194299138, -0.5805005194299138, -0.5805005194299138, -0.5805005194299138, -0.5805005194299138, -0.5805005194299138, -0.5805005194299138, -0.5805005194299138, -0.5805005194299138, -0.5805005194299138]",[]
target_TCP_pose_1,float64,6249074,0,0.0,6249074,-0.5808450695824655,0.23698863957409505,-0.24183741188727237,0.1973898398225745,,True,False,"[-0.09857523790238794, -0.09857523790238794, -0.09857523790238794, -0.09857523790238794, -0.09857523790238794, -0.09857523790238794, -0.09857523790238794, -0.09857523790238794, -0.09857523790238794, -0.09857523790238794, -0.09857523790238794, -0.09857523790238794, -0.09857523790238794, -0.09857523790238794, -0.09857523790238794, -0.09857523790238794, -0.09857523790238794, -0.09857523790238794, -0.09857523790238794, -0.09857523790238794]",[]
target_TCP_pose_2,float64,6249074,0,0.0,6249074,0.013241882059267018,0.693484022512724,0.07001003119317699,0.07541791096040852,,True,False,"[0.03406422131584168, 0.03406422131584168, 0.03406422131584168, 0.03406422131584168, 0.03406422131584168, 0.03406422131584168, 0.03406422131584168, 0.03406422131584168, 0.03406422131584168, 0.03406422131584168, 0.03406422131584168, 0.03406422131584168, 0.03406422131584168, 0.03406422131584168, 0.03406422131584168, 0.03406422131584168, 0.03406422131584168, 0.03406422131584168, 0.03406422131584168, 0.03406422131584168]",[]
target_TCP_pose_3,float64,6249074,0,0.0,6249074,-3.134566994624956,3.1410594208928524,0.5780494693174687,2.4290525804076104,,True,False,"[-3.0471440020155103, -3.0471440020155103, -3.0471440020155103, -3.0471440020155103, -3.0471440020155103, -3.0471440020155103, -3.0471440020155103, -3.0471440020155103, -3.0471440020155103, -3.0471440020155103, -3.0471440020155103, -3.0471440020155103, -3.0471440020155103, -3.0471440020155103, -3.0471440020155103, -3.0471440020155103, -3.0471440020155103, -3.0471440020155103, -3.0471440020155103, -3.0471440020155103]",[]
target_TCP_pose_4,float64,6249074,0,0.0,6249074,-2.9586422758314286,2.874281669097284,1.036771311315232,1.589605499073796,,True,False,"[0.7342648979211912, 0.7342648979211912, 0.7342648979211912, 0.7342648979211912, 0.7342648979211912, 0.7342648979211912, 0.7342648979211912, 0.7342648979211912, 0.7342648979211912, 0.7342648979211912, 0.7342648979211912, 0.7342648979211912, 0.7342648979211912, 0.7342648979211912, 0.7342648979211912, 0.7342648979211912, 0.7342648979211912, 0.7342648979211912, 0.7342648979211912, 0.7342648979211912]",[]
target_TCP_pose_5,float64,6249074,0,0.0,6249074,-0.036774090987619,1.2051310732575058,0.0001823794966225314,0.013927511319164998,,True,False,"[0.0035651463603874117, 0.0035651463603874117, 0.0035651463603874117, 0.0035651463603874117, 0.0035651463603874117, 0.0035651463603874117, 0.0035651463603874117, 0.0035651463603874117, 0.0035651463603874117, 0.0035651463603874117, 0.0035651463603874117, 0.0035651463603874117, 0.0035651463603874117, 0.0035651463603874117, 0.0035651463603874117, 0.0035651463603874117, 0.0035651463603874117, 0.0035651463603874117, 0.0035651463603874117, 0.0035651463603874117]",[]
target_TCP_speed_0,float64,6249074,0,0.0,6249074,-0.4601909015943498,0.4601783042153571,-1.7152908681405675e-05,0.08427354938901468,,True,False,"[0.0, 0.0, 0.0, 0.0, 0.0, 0.0, 0.0, 0.0, 0.0, 0.0, 0.0, 0.0, 0.0, 0.0, 0.0, 0.0, 0.0, 0.0, 0.0, 0.0]",[]
target_TCP_speed_1,float64,6249074,0,0.0,6249074,-0.5046426740203578,0.5050026477858719,-7.749310267741708e-05,0.08075060554907905,,True,False,"[0.0, 0.0, 0.0, 0.0, 0.0, 0.0, 0.0, 0.0, 0.0, 0.0, 0.0, 0.0, 0.0, 0.0, 0.0, 0.0, 0.0, 0.0, 0.0, 0.0]",[]
target_TCP_speed_2,float64,6249074,0,0.0,6249074,-0.6125580166203204,0.2860550951790343,1.4253705501249586e-05,0.0780013229320198,,True,False,"[0.0, 0.0, 0.0, 0.0, 0.0, 0.0, 0.0, 0.0, 0.0, 0.0, 0.0, 0.0, 0.0, 0.0, 0.0, 0.0, 0.0, 0.0, 0.0, 0.0]",[]
target_TCP_speed_3,float64,6249074,0,0.0,6249074,-0.027671610088362858,0.08587386583317462,-8.55742713210191e-07,0.006255454201515445,,True,False,"[0.0, 0.0, 0.0, 0.0, 0.0, 0.0, 0.0, 0.0, 0.0, 0.0, 0.0, 0.0, 0.0, 0.0, 0.0, 0.0, 0.0, 0.0, 0.0, 0.0]",[]
target_TCP_speed_4,float64,6249074,0,0.0,6249074,-1.244837880693957,0.18926018073017248,-4.052303057393675e-05,0.008102082539935882,,True,False,"[0.0, 0.0, 0.0, 0.0, 0.0, 0.0, 0.0, 0.0, 0.0, 0.0, 0.0, 0.0, 0.0, 0.0, 0.0, 0.0, 0.0, 0.0, 0.0, 0.0]",[]
target_TCP_speed_5,float64,6249074,0,0.0,6249074,-1.8651112465244784,1.865110149556312,0.0007246149089511704,0.3130519211839445,,True,False,"[0.0, 0.0, 0.0, 0.0, 0.0, 0.0, 0.0, 0.0, 0.0, 0.0, 0.0, 0.0, 0.0, 0.0, 0.0, 0.0, 0.0, 0.0, 0.0, 0.0]",[]
joint_temperatures_0,float64,6249074,0,0.0,6249074,24.875,34.75,31.69185365503753,2.3547044301120725,159.0,False,False,"[34.5625, 34.5625, 34.5625, 34.5625, 34.5625, 34.5625, 34.5625, 34.5625, 34.5625, 34.5625, 34.5625, 34.5625, 34.5625, 34.5625, 34.5625, 34.5625, 34.5625, 34.5625, 34.5625, 34.5625]","[{""value"": ""33.4375"", ""count"": 189686}, {""value"": ""33.75"", ""count"": 185185}, {""value"": ""31.4375"", ""count"": 177788}, {""value"": ""31.5625"", ""count"": 163021}, {""value"": ""31.5"", ""count"": 156367}, {""value"": ""33.5625"", ""count"": 146156}, {""value"": ""31.625"", ""count"": 140672}, {""value"": ""33.5"", ""count"": 133166}, {""value"": ""34.25"", ""count"": 132765}, {""value"": ""31.375"", ""count"": 126625}, {""value"": ""33.6875"", ""count"": 118614}, {""value"": ""32.875"", ""count"": 117956}, {""value"": ""34.0625"", ""count"": 115831}, {""value"": ""33.9375"", ""count"": 114485}, {""value"": ""34.625"", ""count"": 112581}, {""value"": ""33.0625"", ""count"": 111530}, {""value"": ""33.625"", ""count"": 106663}, {""value"": ""32.9375"", ""count"": 104122}, {""value"": ""33.125"", ""count"": 99086}, {""value"": ""33.375"", ""count"": 94865}]"
joint_temperatures_1,float64,6249074,0,0.0,6249074,25.875,37.875,33.93422013405506,2.666660002658722,193.0,False,False,"[37.8125, 37.8125, 37.8125, 37.8125, 37.8125, 37.8125, 37.8125, 37.8125, 37.8125, 37.8125, 37.8125, 37.8125, 37.8125, 37.8125, 37.8125, 37.8125, 37.8125, 37.8125, 37.8125, 37.8125]","[{""value"": ""35.8125"", ""count"": 190057}, {""value"": ""35.25"", ""count"": 165510}, {""value"": ""33.4375"", ""count"": 155614}, {""value"": ""35.75"", ""count"": 145785}, {""value"": ""35.875"", ""count"": 145705}, {""value"": ""36.9375"", ""count"": 141886}, {""value"": ""33.5"", ""count"": 129223}, {""value"": ""33.5625"", ""count"": 122030}, {""value"": ""35.1875"", ""count"": 121075}, {""value"": ""36.0"", ""count"": 111166}, {""value"": ""35.4375"", ""count"": 108240}, {""value"": ""35.3125"", ""count"": 108123}, {""value"": ""35.6875"", ""count"": 105608}, {""value"": ""36.4375"", ""count"": 102329}, {""value"": ""37.0"", ""count"": 101888}, {""value"": ""33.1875"", ""count"": 101367}, {""value"": ""36.25"", ""count"": 98754}, {""value"": ""36.0625"", ""count"": 96602}, {""value"": ""34.1875"", ""count"": 93573}, {""value"": ""34.375"", ""count"": 82348}]"
joint_temperatures_2,float64,6249074,0,0.0,6249074,26.625,39.6875,35.8320205021576,2.861151853576962,210.0,False,False,"[39.375, 39.375, 39.375, 39.375, 39.375, 39.375, 39.375, 39.375, 39.375, 39.375, 39.375, 39.375, 39.375, 39.375, 39.375, 39.375, 39.375, 39.375, 39.375, 39.375]","[{""value"": ""35.4375"", ""count"": 195994}, {""value"": ""35.5"", ""count"": 161616}, {""value"": ""37.75"", ""count"": 136581}, {""value"": ""35.375"", ""count"": 133436}, {""value"": ""37.6875"", ""count"": 127566}, {""value"": ""38.3125"", ""count"": 119154}, {""value"": ""38.4375"", ""count"": 118496}, {""value"": ""37.5"", ""count"": 112275}, {""value"": ""38.0625"", ""count"": 111634}, {""value"": ""39.0"", ""count"": 110106}, {""value"": ""37.875"", ""count"": 109144}, {""value"": ""37.8125"", ""count"": 107246}, {""value"": ""38.0"", ""count"": 103293}, {""value"": ""38.375"", ""count"": 103066}, {""value"": ""35.5625"", ""count"": 101016}, {""value"": ""36.3125"", ""count"": 99398}, {""value"": ""35.3125"", ""count"": 96312}, {""value"": ""36.375"", ""count"": 94462}, {""value"": ""37.5625"", ""count"": 94282}, {""value"": ""37.125"", ""count"": 90096}]"
joint_temperatures_3,float64,6249074,0,0.0,6249074,28.125,42.875,38.64892164423081,3.011882345157158,237.0,False,False,"[42.5, 42.5, 42.5, 42.5, 42.5, 42.5, 42.5, 42.5, 42.5, 42.5, 42.5, 42.5, 42.5, 42.5, 42.5, 42.5, 42.5, 42.5, 42.5, 42.5]","[{""value"": ""38.375"", ""count"": 177782}, {""value"": ""40.25"", ""count"": 170444}, {""value"": ""40.125"", ""count"": 135567}, {""value"": ""39.9375"", ""count"": 127761}, {""value"": ""40.3125"", ""count"": 126748}, {""value"": ""38.4375"", ""count"": 126507}, {""value"": ""38.3125"", ""count"": 122834}, {""value"": ""40.1875"", ""count"": 118330}, {""value"": ""41.625"", ""count"": 116407}, {""value"": ""41.1875"", ""count"": 110766}, {""value"": ""41.0"", ""count"": 109142}, {""value"": ""40.0625"", ""count"": 107641}, {""value"": ""40.5"", ""count"": 102903}, {""value"": ""41.5625"", ""count"": 97833}, {""value"": ""38.125"", ""count"": 97712}, {""value"": ""40.0"", ""count"": 95886}, {""value"": ""38.1875"", ""count"": 94362}, {""value"": ""40.375"", ""count"": 93184}, {""value"": ""41.0625"", ""count"": 90247}, {""value"": ""41.6875"", ""count"": 85838}]"
joint_temperatures_4,float64,6249074,0,0.0,6249074,28.375,44.75,40.71605779112233,3.40890579691376,263.0,False,False,"[44.25, 44.25, 44.25, 44.25, 44.25, 44.25, 44.25, 44.25, 44.25, 44.25, 44.25, 44.25, 44.25, 44.25, 44.25, 44.25, 44.25, 44.25, 44.25, 44.25]","[{""value"": ""43.625"", ""count"": 189995}, {""value"": ""43.5625"", ""count"": 155168}, {""value"": ""40.5625"", ""count"": 127960}, {""value"": ""42.75"", ""count"": 122979}, {""value"": ""42.5"", ""count"": 122304}, {""value"": ""42.375"", ""count"": 120652}, {""value"": ""42.8125"", ""count"": 117334}, {""value"": ""40.875"", ""count"": 117193}, {""value"": ""42.625"", ""count"": 115667}, {""value"": ""43.5"", ""count"": 114224}, {""value"": ""42.6875"", ""count"": 113966}, {""value"": ""40.625"", ""count"": 113177}, {""value"": ""42.4375"", ""count"": 112620}, {""value"": ""42.3125"", ""count"": 112512}, {""value"": ""43.875"", ""count"": 109567}, {""value"": ""43.4375"", ""count"": 107880}, {""value"": ""40.4375"", ""count"": 102930}, {""value"": ""42.5625"", ""count"": 98070}, {""value"": ""40.9375"", ""count"": 93010}, {""value"": ""42.875"", ""count"": 89922}]"
joint_temperatures_5,float64,6249074,0,0.0,6249074,28.5,43.5625,39.79229703672896,3.2705146972916532,242.0,False,False,"[43.25, 43.25, 43.25, 43.25, 43.25, 43.25, 43.25, 43.25, 43.25, 43.25, 43.25, 43.25, 43.25, 43.25, 43.25, 43.25, 43.25, 43.25, 43.25, 43.25]","[{""value"": ""42.4375"", ""count"": 300857}, {""value"": ""39.625"", ""count"": 188956}, {""value"": ""39.6875"", ""count"": 182410}, {""value"": ""41.9375"", ""count"": 165917}, {""value"": ""41.625"", ""count"": 138290}, {""value"": ""42.375"", ""count"": 137037}, {""value"": ""42.75"", ""count"": 136234}, {""value"": ""41.875"", ""count"": 133361}, {""value"": ""41.8125"", ""count"": 128607}, {""value"": ""42.6875"", ""count"": 127382}, {""value"": ""39.9375"", ""count"": 126672}, {""value"": ""41.75"", ""count"": 121075}, {""value"": ""42.0625"", ""count"": 115295}, {""value"": ""41.5625"", ""count"": 113887}, {""value"": ""39.875"", ""count"": 109265}, {""value"": ""39.75"", ""count"": 102435}, {""value"": ""42.3125"", ""count"": 99458}, {""value"": ""42.5"", ""count"": 99294}, {""value"": ""43.375"", ""count"": 88505}, {""value"": ""42.1875"", ""count"": 88449}]"
actual_execution_time,float64,6249074,0,0.0,6249074,0.447073,3.985861,0.8520033953446541,0.11086278216602713,,True,False,"[0.592799, 0.592463, 0.626951, 0.5946600000000001, 0.589176, 0.588792, 0.591024, 0.5940479999999999, 0.594348, 0.591096, 0.592512, 0.59292, 0.628884, 0.589236, 0.589992, 0.590075, 0.586895, 0.591179, 0.587183, 0.593159]",[]
actual_tool_accelerometer_0,float64,6249074,0,0.0,6249074,-23.769634246826172,8.427590370178223,-9.583262739337657,0.34025891945833225,1117.0,False,False,"[-9.59596061706543, -9.53849983215332, -9.653421401977539, -9.519346237182617, -9.53849983215332, -9.576807022094727, -9.557653427124023, -9.615114212036133, -9.615114212036133, -9.634267807006836, -9.576807022094727, -9.576807022094727, -9.615114212036133, -9.576807022094727, -9.59596061706543, -9.576807022094727, -9.59596061706543, -9.59596061706543, -9.615114212036133, -9.576807022094727]","[{""value"": ""-9.59596061706543"", ""count"": 388020}, {""value"": ""-9.615114212036133"", ""count"": 383575}, {""value"": ""-9.576807022094727"", ""count"": 378431}, {""value"": ""-9.557653427124023"", ""count"": 351192}, {""value"": ""-9.634267807006836"", ""count"": 337509}, {""value"": ""-9.53849983215332"", ""count"": 278109}, {""value"": ""-9.653421401977539"", ""count"": 270509}, {""value"": ""-9.519346237182617"", ""count"": 220440}, {""value"": ""-9.672574996948242"", ""count"": 218516}, {""value"": ""-9.500192642211914"", ""count"": 189141}, {""value"": ""-9.691728591918944"", ""count"": 176612}, {""value"": ""-9.481039047241213"", ""count"": 161640}, {""value"": ""-9.710882186889648"", ""count"": 145221}, {""value"": ""-9.461885452270508"", ""count"": 137784}, {""value"": ""-9.730035781860352"", ""count"": 121619}, {""value"": ""-9.442731857299805"", ""count"": 121528}, {""value"": ""-9.423578262329102"", ""count"": 107802}, {""value"": ""-9.749189376831056"", ""count"": 104624}, {""value"": ""-9.404424667358398"", ""count"": 95418}, {""value"": ""-9.768342971801758"", ""count"": 92423}]"
actual_tool_accelerometer_1,float64,6249074,0,0.0,6249074,-10.362104415893556,11.66455078125,0.09326485969238098,0.33013935620219625,1256.0,False,False,"[0.019153613597154617, 0.038307227194309235, 0.1149216815829277, 0.038307227194309235, 0.07661445438861847, 0.05746084079146385, 0.038307227194309235, 0.05746084079146385, 0.0957680642604828, 0.07661445438861847, 0.05746084079146385, 0.07661445438861847, 0.05746084079146385, 0.019153613597154617, 0.1149216815829277, 0.07661445438861847, 0.05746084079146385, 0.07661445438861847, 0.0, 0.038307227194309235]","[{""value"": ""0.0957680642604828"", ""count"": 308421}, {""value"": ""0.07661445438861847"", ""count"": 287523}, {""value"": ""0.15322890877723694"", ""count"": 283345}, {""value"": ""0.1149216815829277"", ""count"": 261200}, {""value"": ""0.17238251864910126"", ""count"": 227215}, {""value"": ""0.05746084079146385"", ""count"": 226524}, {""value"": ""0.13407529890537262"", ""count"": 224259}, {""value"": ""0.038307227194309235"", ""count"": 216435}, {""value"": ""0.019153613597154617"", ""count"": 193095}, {""value"": ""0.0"", ""count"": 192784}, {""value"": ""0.1915361285209656"", ""count"": 180622}, {""value"": ""0.2106897532939911"", ""count"": 164613}, {""value"": ""-0.019153613597154617"", ""count"": 147021}, {""value"": ""-0.038307227194309235"", ""count"": 135763}, {""value"": ""0.2298433631658554"", ""count"": 135631}, {""value"": ""0.2489969730377197"", ""count"": 127646}, {""value"": ""-0.07661445438861847"", ""count"": 113516}, {""value"": ""-0.05746084079146385"", ""count"": 110673}, {""value"": ""-0.0957680642604828"", ""count"": 93884}, {""value"": ""0.3064578175544739"", ""count"": 84740}]"
actual_tool_accelerometer_2,float64,6249074,0,0.0,6249074,-8.293514251708983,10.170568466186523,0.10175909061931401,0.2880850191346604,1029.0,False,False,"[0.1915361285209656, 0.1915361285209656, 0.2298433631658554, 0.13407529890537262, 0.1915361285209656, 0.17238251864910126, 0.17238251864910126, 0.17238251864910126, 0.13407529890537262, 0.2106897532939911, 0.15322890877723694, 0.1915361285209656, 0.1915361285209656, 0.17238251864910126, 0.2106897532939911, 0.2106897532939911, 0.2298433631658554, 0.13407528400421145, 0.2298433631658554, 0.13407529890537262]","[{""value"": ""0.15322890877723694"", ""count"": 242309}, {""value"": ""0.07661445438861847"", ""count"": 220594}, {""value"": ""0.0957680642604828"", ""count"": 220414}, {""value"": ""0.17238251864910126"", ""count"": 202430}, {""value"": ""0.2106897532939911"", ""count"": 190788}, {""value"": ""0.1915361285209656"", ""count"": 180543}, {""value"": ""0.13407529890537262"", ""count"": 179604}, {""value"": ""0.05746084079146385"", ""count"": 177228}, {""value"": ""0.038307227194309235"", ""count"": 175082}, {""value"": ""0.1149216815829277"", ""count"": 174497}, {""value"": ""0.0"", ""count"": 174243}, {""value"": ""0.2298433631658554"", ""count"": 162289}, {""value"": ""0.019153613597154617"", ""count"": 157205}, {""value"": ""0.2489969730377197"", ""count"": 153695}, {""value"": ""-0.019153613597154617"", ""count"": 130696}, {""value"": ""-0.038307227194309235"", ""count"": 120195}, {""value"": ""0.3064578175544739"", ""count"": 109933}, {""value"": ""-0.07661445438861847"", ""count"": 109504}, {""value"": ""0.26815059781074524"", ""count"": 101019}, {""value"": ""-0.05746084079146385"", ""count"": 98302}]"
speed_scaling,float64,6249074,0,0.0,6249074,0.0,1.0,0.8471689305487502,0.3596486414284126,84.0,False,False,"[0.0, 0.0, 0.0, 0.0, 0.0, 0.0, 0.0, 0.0, 0.0, 0.0, 0.0, 0.0, 0.0, 0.0, 0.0, 0.0, 0.0, 0.0, 0.0, 0.0]","[{""value"": ""1.0"", ""count"": 5289702}, {""value"": ""0.0"", ""count"": 948088}, {""value"": ""0.0125"", ""count"": 4723}, {""value"": ""0.9875"", ""count"": 2470}, {""value"": ""0.5250000000000017"", ""count"": 73}, {""value"": ""0.21250000000000152"", ""count"": 73}, {""value"": ""0.025000000000001462"", ""count"": 71}, {""value"": ""0.4625000000000018"", ""count"": 71}, {""value"": ""0.2750000000000016"", ""count"": 70}, {""value"": ""0.01250000000000146"", ""count"": 68}, {""value"": ""0.4000000000000017"", ""count"": 68}, {""value"": ""0.3250000000000016"", ""count"": 67}, {""value"": ""1.4606371667724714e-15"", ""count"": 65}, {""value"": ""0.4875000000000018"", ""count"": 65}, {""value"": ""0.33750000000000163"", ""count"": 65}, {""value"": ""0.5125000000000017"", ""count"": 65}, {""value"": ""0.3000000000000016"", ""count"": 64}, {""value"": ""0.2625000000000016"", ""count"": 64}, {""value"": ""0.3875000000000017"", ""count"": 63}, {""value"": ""0.06250000000000146"", ""count"": 63}]"
target_speed_fraction,float64,6249074,0,0.0,6249074,1.0,1.0,1.0,0.0,1.0,False,True,"[1.0, 1.0, 1.0, 1.0, 1.0, 1.0, 1.0, 1.0, 1.0, 1.0, 1.0, 1.0, 1.0, 1.0, 1.0, 1.0, 1.0, 1.0, 1.0, 1.0]","[{""value"": ""1.0"", ""count"": 6249074}]"
actual_momentum,float64,6249074,0,0.0,6249074,0.0,2.17909791413813,0.24320974093927822,0.4308778759051247,,True,False,"[0.0, 0.0, 0.0, 0.0, 0.0, 0.0, 0.0, 0.0, 0.0, 0.0, 0.0, 0.0, 0.0, 0.0, 0.0, 0.0, 0.0, 0.0, 0.0, 0.0]",[]
actual_main_voltage,float64,6249074,0,0.0,6249074,47.72808074951172,48.0146713256836,47.91474780612602,0.019343619113997425,242.0,False,False,"[47.94660949707031, 47.89286804199219, 47.9269027709961, 47.934959411621094, 47.929588317871094, 47.9394416809082, 47.89824295043945, 47.9394416809082, 47.93675231933594, 47.92869186401367, 47.934959411621094, 47.88928604125977, 47.9269027709961, 47.93764877319336, 47.90451431274414, 47.91347122192383, 47.92421340942383, 47.92152786254883, 47.934959411621094, 47.920631408691406]","[{""value"": ""47.91078186035156"", ""count"": 120477}, {""value"": ""47.90988540649414"", ""count"": 120107}, {""value"": ""47.91436386108398"", ""count"": 119209}, {""value"": ""47.91973876953125"", ""count"": 116765}, {""value"": ""47.915260314941406"", ""count"": 114277}, {""value"": ""47.91347122192383"", ""count"": 112786}, {""value"": ""47.91794967651367"", ""count"": 111743}, {""value"": ""47.92421340942383"", ""count"": 111417}, {""value"": ""47.920631408691406"", ""count"": 111215}, {""value"": ""47.91257095336914"", ""count"": 111055}, {""value"": ""47.91704940795898"", ""count"": 109220}, {""value"": ""47.90630340576172"", ""count"": 108266}, {""value"": ""47.92242431640625"", ""count"": 107402}, {""value"": ""47.90719985961914"", ""count"": 106940}, {""value"": ""47.91167449951172"", ""count"": 106764}, {""value"": ""47.92152786254883"", ""count"": 105170}, {""value"": ""47.9080924987793"", ""count"": 104100}, {""value"": ""47.91884231567383"", ""count"": 104010}, {""value"": ""47.91615295410156"", ""count"": 103970}, {""value"": ""47.92510986328125"", ""count"": 103736}]"
actual_robot_voltage,float64,6249074,0,0.0,6249074,47.77107238769531,48.06572341918945,47.96406961529749,0.01884077654407697,271.0,False,False,"[48.00571823120117, 47.94839859008789, 47.97616577148438, 47.98332595825195, 47.98691177368164, 47.97884750366211, 47.95198059082031, 47.99945068359375, 47.99317932128906, 47.965415954589844, 47.99407577514648, 47.94750213623047, 47.97884750366211, 47.9878044128418, 47.951087951660156, 47.97616577148438, 47.965415954589844, 47.97705841064453, 47.98422241210938, 47.95735549926758]","[{""value"": ""47.956459045410156"", ""count"": 150107}, {""value"": ""47.96720886230469"", ""count"": 148992}, {""value"": ""47.970787048339844"", ""count"": 146297}, {""value"": ""47.96004104614258"", ""count"": 142924}, {""value"": ""47.96362686157226"", ""count"": 140990}, {""value"": ""47.96899795532226"", ""count"": 131128}, {""value"": ""47.95287704467773"", ""count"": 131088}, {""value"": ""47.96183395385742"", ""count"": 128452}, {""value"": ""47.97437286376953"", ""count"": 125569}, {""value"": ""47.965415954589844"", ""count"": 119559}, {""value"": ""47.94929885864258"", ""count"": 115703}, {""value"": ""47.97257995605469"", ""count"": 115377}, {""value"": ""47.97616577148438"", ""count"": 112422}, {""value"": ""47.96630859375"", ""count"": 108647}, {""value"": ""47.97795486450195"", ""count"": 108601}, {""value"": ""47.958251953125"", ""count"": 105735}, {""value"": ""47.98332595825195"", ""count"": 100480}, {""value"": ""47.98153686523438"", ""count"": 99559}, {""value"": ""47.95466995239258"", ""count"": 99170}, {""value"": ""47.94571304321289"", ""count"": 98009}]"
actual_robot_current,float64,6249074,0,0.0,6249074,0.3905296027660369,5.593855857849121,0.7772298210454484,0.14581210150685808,778.0,False,False,"[0.8851262927055359, 0.8672236800193787, 0.8851262927055359, 0.8515569567680359, 0.9343623518943788, 0.9209314584732056, 0.8739365339279175, 0.8649825453758241, 0.9142186641693116, 0.8694595694541931, 0.8627467155456543, 0.8851262927055359, 0.8761723637580872, 0.8873621225357056, 0.8269415497779846, 0.8672236800193787, 0.8806493282318115, 0.8560339212417603, 0.8851262927055359, 0.8135106563568115]","[{""value"": ""0.7105615139007568"", ""count"": 66459}, {""value"": ""0.6837049722671509"", ""count"": 66329}, {""value"": ""0.6971306204795837"", ""count"": 66063}, {""value"": ""0.7060845494270325"", ""count"": 65762}, {""value"": ""0.7127973437309265"", ""count"": 65661}, {""value"": ""0.6926589012145996"", ""count"": 65641}, {""value"": ""0.6948947906494141"", ""count"": 64757}, {""value"": ""0.7016075849533081"", ""count"": 64659}, {""value"": ""0.6881819367408752"", ""count"": 64577}, {""value"": ""0.7195101380348206"", ""count"": 63467}, {""value"": ""0.7150384783744812"", ""count"": 62290}, {""value"": ""0.7038487195968628"", ""count"": 62180}, {""value"": ""0.7217512726783752"", ""count"": 62178}, {""value"": ""0.6747510433197021"", ""count"": 62092}, {""value"": ""0.6769921779632568"", ""count"": 61546}, {""value"": ""0.6792280077934265"", ""count"": 61462}, {""value"": ""0.7239871025085449"", ""count"": 61048}, {""value"": ""0.7284641265869141"", ""count"": 60866}, {""value"": ""0.6859408020973206"", ""count"": 60525}, {""value"": ""0.7083203792572021"", ""count"": 60026}]"
actual_joint_voltage_0,float64,6249074,0,0.0,6249074,47.04028701782226,47.81425476074219,47.69154521672701,0.02458386618570484,54.0,False,False,"[47.71392822265625, 47.65659713745117, 47.71392822265625, 47.68526077270508, 47.71392822265625, 47.71392822265625, 47.6995964050293, 47.6995964050293, 47.68526077270508, 47.68526077270508, 47.68526077270508, 47.6279296875, 47.68526077270508, 47.6995964050293, 47.65659713745117, 47.68526077270508, 47.65659713745117, 47.68526077270508, 47.6995964050293, 47.67092895507813]","[{""value"": ""47.68526077270508"", ""count"": 1683501}, {""value"": ""47.6995964050293"", ""count"": 1279248}, {""value"": ""47.71392822265625"", ""count"": 1023801}, {""value"": ""47.67092895507813"", ""count"": 805143}, {""value"": ""47.65659713745117"", ""count"": 581019}, {""value"": ""47.7282600402832"", ""count"": 426777}, {""value"": ""47.742591857910156"", ""count"": 171426}, {""value"": ""47.64226531982422"", ""count"": 149308}, {""value"": ""47.6279296875"", ""count"": 65290}, {""value"": ""47.75692367553711"", ""count"": 42443}, {""value"": ""47.61359786987305"", ""count"": 10623}, {""value"": ""47.5992660522461"", ""count"": 5385}, {""value"": ""47.77125930786133"", ""count"": 2656}, {""value"": ""47.570594787597656"", ""count"": 1029}, {""value"": ""47.58493041992188"", ""count"": 547}, {""value"": ""47.78559112548828"", ""count"": 415}, {""value"": ""47.1119499206543"", ""count"": 57}, {""value"": ""47.79992294311523"", ""count"": 52}, {""value"": ""47.5562629699707"", ""count"": 42}, {""value"": ""47.12628173828125"", ""count"": 39}]"
actual_joint_voltage_1,float64,6249074,0,0.0,6249074,46.99728393554688,47.90025329589844,47.766963523799085,0.02694611064183158,64.0,False,False,"[47.78559112548828, 47.71392822265625, 47.75692367553711, 47.77125930786133, 47.79992294311523, 47.78559112548828, 47.71392822265625, 47.77125930786133, 47.75692367553711, 47.7282600402832, 47.75692367553711, 47.71392822265625, 47.77125930786133, 47.75692367553711, 47.75692367553711, 47.75692367553711, 47.7282600402832, 47.75692367553711, 47.75692367553711, 47.7282600402832]","[{""value"": ""47.77125930786133"", ""count"": 1609974}, {""value"": ""47.75692367553711"", ""count"": 1475322}, {""value"": ""47.78559112548828"", ""count"": 959589}, {""value"": ""47.742591857910156"", ""count"": 626715}, {""value"": ""47.79992294311523"", ""count"": 490229}, {""value"": ""47.81425476074219"", ""count"": 348869}, {""value"": ""47.7282600402832"", ""count"": 299467}, {""value"": ""47.71392822265625"", ""count"": 219059}, {""value"": ""47.828590393066406"", ""count"": 79506}, {""value"": ""47.6995964050293"", ""count"": 57775}, {""value"": ""47.68526077270508"", ""count"": 53872}, {""value"": ""47.84292221069336"", ""count"": 11729}, {""value"": ""47.67092895507813"", ""count"": 10071}, {""value"": ""47.65659713745117"", ""count"": 4325}, {""value"": ""47.85725402832031"", ""count"": 1119}, {""value"": ""47.64226531982422"", ""count"": 627}, {""value"": ""47.6279296875"", ""count"": 312}, {""value"": ""47.87158584594727"", ""count"": 96}, {""value"": ""47.06895065307617"", ""count"": 38}, {""value"": ""47.61359786987305"", ""count"": 36}]"
actual_joint_voltage_2,float64,6249074,0,0.0,6249074,46.85395812988281,47.87158584594727,47.742501120070074,0.031170763428797002,68.0,False,False,"[47.81425476074219, 47.7282600402832, 47.75692367553711, 47.7282600402832, 47.75692367553711, 47.75692367553711, 47.6995964050293, 47.742591857910156, 47.75692367553711, 47.7282600402832, 47.7282600402832, 47.742591857910156, 47.75692367553711, 47.77125930786133, 47.742591857910156, 47.75692367553711, 47.6995964050293, 47.75692367553711, 47.75692367553711, 47.7282600402832]","[{""value"": ""47.75692367553711"", ""count"": 1488817}, {""value"": ""47.77125930786133"", ""count"": 1056768}, {""value"": ""47.742591857910156"", ""count"": 991714}, {""value"": ""47.71392822265625"", ""count"": 780133}, {""value"": ""47.7282600402832"", ""count"": 767073}, {""value"": ""47.68526077270508"", ""count"": 302953}, {""value"": ""47.6995964050293"", ""count"": 266225}, {""value"": ""47.78559112548828"", ""count"": 244368}, {""value"": ""47.81425476074219"", ""count"": 108509}, {""value"": ""47.67092895507813"", ""count"": 76383}, {""value"": ""47.79992294311523"", ""count"": 72338}, {""value"": ""47.65659713745117"", ""count"": 56854}, {""value"": ""47.64226531982422"", ""count"": 14141}, {""value"": ""47.6279296875"", ""count"": 9464}, {""value"": ""47.828590393066406"", ""count"": 8775}, {""value"": ""47.84292221069336"", ""count"": 1712}, {""value"": ""47.61359786987305"", ""count"": 1170}, {""value"": ""47.5992660522461"", ""count"": 782}, {""value"": ""47.570594787597656"", ""count"": 231}, {""value"": ""47.87158584594727"", ""count"": 104}]"
actual_joint_voltage_3,float64,6249074,0,0.0,6249074,45.922325134277344,47.7282600402832,47.55247893174337,0.035224562427191373,103.0,False,False,"[47.5992660522461, 47.51326370239258, 47.5992660522461, 47.54193115234375, 47.58493041992188, 47.570594787597656, 47.5275993347168, 47.570594787597656, 47.5992660522461, 47.54193115234375, 47.54193115234375, 47.5562629699707, 47.570594787597656, 47.570594787597656, 47.570594787597656, 47.5562629699707, 47.5562629699707, 47.58493041992188, 47.570594787597656, 47.54193115234375]","[{""value"": ""47.54193115234375"", ""count"": 1350629}, {""value"": ""47.570594787597656"", ""count"": 1316668}, {""value"": ""47.5562629699707"", ""count"": 1056709}, {""value"": ""47.58493041992188"", ""count"": 668875}, {""value"": ""47.5275993347168"", ""count"": 443301}, {""value"": ""47.5992660522461"", ""count"": 405795}, {""value"": ""47.51326370239258"", ""count"": 336625}, {""value"": ""47.48460006713867"", ""count"": 152895}, {""value"": ""47.61359786987305"", ""count"": 147979}, {""value"": ""47.49893188476562"", ""count"": 128302}, {""value"": ""47.4559326171875"", ""count"": 91936}, {""value"": ""47.47026824951172"", ""count"": 48428}, {""value"": ""47.4272689819336"", ""count"": 32449}, {""value"": ""47.44160079956055"", ""count"": 25656}, {""value"": ""47.6279296875"", ""count"": 15447}, {""value"": ""47.41293716430664"", ""count"": 9573}, {""value"": ""47.39860534667969"", ""count"": 7774}, {""value"": ""47.64226531982422"", ""count"": 5113}, {""value"": ""47.36993789672852"", ""count"": 2066}, {""value"": ""47.38426971435547"", ""count"": 1828}]"
actual_joint_voltage_4,float64,6249074,0,0.0,6249074,45.69300079345703,47.78559112548828,47.58964104892533,0.03515356532783492,114.0,False,False,"[47.65659713745117, 47.5992660522461, 47.64226531982422, 47.5992660522461, 47.6279296875, 47.6279296875, 47.570594787597656, 47.6279296875, 47.65659713745117, 47.64226531982422, 47.64226531982422, 47.5992660522461, 47.64226531982422, 47.6279296875, 47.6279296875, 47.6279296875, 47.5992660522461, 47.61359786987305, 47.64226531982422, 47.61359786987305]","[{""value"": ""47.5992660522461"", ""count"": 1736795}, {""value"": ""47.570594787597656"", ""count"": 1172791}, {""value"": ""47.61359786987305"", ""count"": 943009}, {""value"": ""47.6279296875"", ""count"": 522142}, {""value"": ""47.58493041992188"", ""count"": 507047}, {""value"": ""47.5562629699707"", ""count"": 338780}, {""value"": ""47.64226531982422"", ""count"": 334871}, {""value"": ""47.54193115234375"", ""count"": 280492}, {""value"": ""47.5275993347168"", ""count"": 113735}, {""value"": ""47.51326370239258"", ""count"": 91062}, {""value"": ""47.65659713745117"", ""count"": 51362}, {""value"": ""47.48460006713867"", ""count"": 46552}, {""value"": ""47.49893188476562"", ""count"": 44057}, {""value"": ""47.4559326171875"", ""count"": 26043}, {""value"": ""47.47026824951172"", ""count"": 16608}, {""value"": ""47.44160079956055"", ""count"": 7637}, {""value"": ""47.4272689819336"", ""count"": 6523}, {""value"": ""47.67092895507813"", ""count"": 6027}, {""value"": ""47.41293716430664"", ""count"": 1523}, {""value"": ""47.39860534667969"", ""count"": 817}]"
actual_joint_voltage_5,float64,6249074,0,0.0,6249074,45.80765914916992,47.88592147827149,47.674404571381025,0.036195059360451524,121.0,False,False,"[47.71392822265625, 47.68526077270508, 47.71392822265625, 47.71392822265625, 47.71392822265625, 47.742591857910156, 47.7282600402832, 47.71392822265625, 47.742591857910156, 47.7282600402832, 47.71392822265625, 47.68526077270508, 47.68526077270508, 47.71392822265625, 47.71392822265625, 47.6995964050293, 47.68526077270508, 47.6995964050293, 47.7282600402832, 47.67092895507813]","[{""value"": ""47.68526077270508"", ""count"": 1526399}, {""value"": ""47.67092895507813"", ""count"": 1016272}, {""value"": ""47.65659713745117"", ""count"": 933156}, {""value"": ""47.6995964050293"", ""count"": 818373}, {""value"": ""47.71392822265625"", ""count"": 601682}, {""value"": ""47.64226531982422"", ""count"": 367429}, {""value"": ""47.6279296875"", ""count"": 271520}, {""value"": ""47.7282600402832"", ""count"": 243353}, {""value"": ""47.5992660522461"", ""count"": 124101}, {""value"": ""47.61359786987305"", ""count"": 107298}, {""value"": ""47.570594787597656"", ""count"": 67870}, {""value"": ""47.75692367553711"", ""count"": 46634}, {""value"": ""47.58493041992188"", ""count"": 29230}, {""value"": ""47.742591857910156"", ""count"": 28256}, {""value"": ""47.5562629699707"", ""count"": 22841}, {""value"": ""47.54193115234375"", ""count"": 17653}, {""value"": ""47.5275993347168"", ""count"": 7635}, {""value"": ""47.51326370239258"", ""count"": 7538}, {""value"": ""47.49893188476562"", ""count"": 4803}, {""value"": ""47.48460006713867"", ""count"": 2757}]"
output_double_register_24,float64,6249074,0,0.0,6249074,0.0,0.9970000386238098,0.1405261799400502,0.2563401774757708,436.0,False,False,"[0.0, 0.0, 0.0, 0.0, 0.0, 0.0, 0.0, 0.0, 0.0, 0.0, 0.0, 0.0, 0.0, 0.0, 0.0, 0.0, 0.0, 0.0, 0.0, 0.0]","[{""value"": ""0.0"", ""count"": 4658702}, {""value"": ""0.5020000338554382"", ""count"": 20725}, {""value"": ""0.5"", ""count"": 19368}, {""value"": ""0.5060000419616699"", ""count"": 16511}, {""value"": ""0.5100000500679016"", ""count"": 15426}, {""value"": ""0.5110000371932983"", ""count"": 15365}, {""value"": ""0.5010000467300415"", ""count"": 14677}, {""value"": ""0.5030000209808351"", ""count"": 14584}, {""value"": ""0.5070000290870667"", ""count"": 13943}, {""value"": ""0.550000011920929"", ""count"": 13273}, {""value"": ""0.5040000081062317"", ""count"": 12620}, {""value"": ""0.527999997138977"", ""count"": 11777}, {""value"": ""0.5180000066757202"", ""count"": 11372}, {""value"": ""0.5370000004768372"", ""count"": 11299}, {""value"": ""0.5560000538825989"", ""count"": 11230}, {""value"": ""0.5090000033378601"", ""count"": 11156}, {""value"": ""0.5950000286102295"", ""count"": 11151}, {""value"": ""0.5210000276565552"", ""count"": 11128}, {""value"": ""0.5800000429153442"", ""count"": 11096}, {""value"": ""0.656000018119812"", ""count"": 11052}]"
output_double_register_25,float64,6249074,0,0.0,6249074,0.0,1.25600004196167,0.03499338585851126,0.04440534090396439,757.0,False,False,"[0.13500000536441806, 0.13500000536441806, 0.13500000536441806, 0.13500000536441806, 0.13500000536441806, 0.13500000536441806, 0.13500000536441806, 0.13500000536441806, 0.13500000536441806, 0.13500000536441806, 0.13500000536441806, 0.13500000536441806, 0.13500000536441806, 0.13500000536441806, 0.13500000536441806, 0.13500000536441806, 0.13500000536441806, 0.13500000536441806, 0.13500000536441806, 0.13500000536441806]","[{""value"": ""0.01900000125169754"", ""count"": 153026}, {""value"": ""0.02000000141561032"", ""count"": 147704}, {""value"": ""0.018000001087784767"", ""count"": 143563}, {""value"": ""0.017000000923871994"", ""count"": 142955}, {""value"": ""0.016000000759959214"", ""count"": 141077}, {""value"": ""0.006000000052154064"", ""count"": 140005}, {""value"": ""0.024000000208616257"", ""count"": 139005}, {""value"": ""0.0130000002682209"", ""count"": 138624}, {""value"": ""0.02200000174343586"", ""count"": 137825}, {""value"": ""0.015000000596046446"", ""count"": 137543}, {""value"": ""0.026000000536441803"", ""count"": 136385}, {""value"": ""0.014000000432133676"", ""count"": 134379}, {""value"": ""0.009000000543892384"", ""count"": 134185}, {""value"": ""0.008000000379979609"", ""count"": 133445}, {""value"": ""0.02300000190734864"", ""count"": 133011}, {""value"": ""0.01100000087171793"", ""count"": 132707}, {""value"": ""0.0020000000949949017"", ""count"": 132257}, {""value"": ""0.021000001579523087"", ""count"": 131553}, {""value"": ""0.027000000700354576"", ""count"": 131326}, {""value"": ""0.012000000104308128"", ""count"": 131260}]"
output_double_register_26,float64,6249074,0,0.0,6249074,0.0,0.5,0.23677940123608715,0.24965018679809478,2.0,False,False,"[0.5, 0.5, 0.5, 0.5, 0.5, 0.5, 0.5, 0.5, 0.5, 0.5, 0.5, 0.5, 0.5, 0.5, 0.5, 0.5, 0.5, 0.5, 0.5, 0.5]","[{""value"": ""0.0"", ""count"": 3289770}, {""value"": ""0.5"", ""count"": 2959304}]"
output_double_register_27,float64,6249074,0,0.0,6249074,0.0,3.4710001945495605,0.003443267579851932,0.08072733956653945,14.0,False,False,"[0.0, 0.0, 0.0, 0.0, 0.0, 0.0, 0.0, 0.0, 0.0, 0.0, 0.0, 0.0, 0.0, 0.0, 0.0, 0.0, 0.0, 0.0, 0.0, 0.0]","[{""value"": ""0.0"", ""count"": 6233637}, {""value"": ""1.820000052452088"", ""count"": 2066}, {""value"": ""1.0810000896453855"", ""count"": 1898}, {""value"": ""0.4690000116825104"", ""count"": 1800}, {""value"": ""0.42500001192092896"", ""count"": 1692}, {""value"": ""1.1740000247955322"", ""count"": 1025}, {""value"": ""1.5440000295639038"", ""count"": 1020}, {""value"": ""2.4660000801086426"", ""count"": 982}, {""value"": ""1.5860000848770142"", ""count"": 965}, {""value"": ""3.4710001945495605"", ""count"": 961}, {""value"": ""2.469000101089477"", ""count"": 934}, {""value"": ""0.9530000686645508"", ""count"": 876}, {""value"": ""0.6970000267028809"", ""count"": 654}, {""value"": ""0.8500000238418579"", ""count"": 564}]"
actual_digital_input_bits,int64,6249074,0,0.0,6249074,0.0,0.0,0.0,0.0,1.0,False,True,"[0, 0, 0, 0, 0, 0, 0, 0, 0, 0, 0, 0, 0, 0, 0, 0, 0, 0, 0, 0]","[{""value"": ""0"", ""count"": 6249074}]"
robot_mode,int64,6249074,0,0.0,6249074,4.0,7.0,6.998786860261216,0.04981903485315482,3.0,False,False,"[7, 7, 7, 7, 7, 7, 7, 7, 7, 7, 7, 7, 7, 7, 7, 7, 7, 7, 7, 7]","[{""value"": ""7"", ""count"": 6245343}, {""value"": ""5"", ""count"": 3612}, {""value"": ""4"", ""count"": 119}]"
joint_mode_0,int64,6249074,0,0.0,6249074,236.0,255.0,252.99998031708378,0.10136706563197144,4.0,False,False,"[253, 253, 253, 253, 253, 253, 253, 253, 253, 253, 253, 253, 253, 253, 253, 253, 253, 253, 253, 253]","[{""value"": ""253"", ""count"": 6245400}, {""value"": ""255"", ""count"": 2915}, {""value"": ""246"", ""count"": 695}, {""value"": ""236"", ""count"": 64}]"
joint_mode_1,int64,6249074,0,0.0,6249074,236.0,255.0,252.99982349384885,0.11209313298946177,4.0,False,False,"[253, 253, 253, 253, 253, 253, 253, 253, 253, 253, 253, 253, 253, 253, 253, 253, 253, 253, 253, 253]","[{""value"": ""253"", ""count"": 6245393}, {""value"": ""255"", ""count"": 2866}, {""value"": ""246"", ""count"": 702}, {""value"": ""236"", ""count"": 113}]"
joint_mode_2,int64,6249074,0,0.0,6249074,236.0,255.0,252.99998383760538,0.1050190163136029,4.0,False,False,"[253, 253, 253, 253, 253, 253, 253, 253, 253, 253, 253, 253, 253, 253, 253, 253, 253, 253, 253, 253]","[{""value"": ""253"", ""count"": 6245490}, {""value"": ""255"", ""count"": 2883}, {""value"": ""246"", ""count"": 605}, {""value"": ""236"", ""count"": 96}]"
joint_mode_3,int64,6249074,0,0.0,6249074,236.0,255.0,253.00000464068756,0.10124701852188288,4.0,False,False,"[253, 253, 253, 253, 253, 253, 253, 253, 253, 253, 253, 253, 253, 253, 253, 253, 253, 253, 253, 253]","[{""value"": ""253"", ""count"": 6245438}, {""value"": ""255"", ""count"": 2909}, {""value"": ""246"", ""count"": 657}, {""value"": ""236"", ""count"": 70}]"
joint_mode_4,int64,6249074,0,0.0,6249074,236.0,255.0,253.0000734508825,0.09772599237029164,4.0,False,False,"[253, 253, 253, 253, 253, 253, 253, 253, 253, 253, 253, 253, 253, 253, 253, 253, 253, 253, 253, 253]","[{""value"": ""253"", ""count"": 6245475}, {""value"": ""255"", ""count"": 2918}, {""value"": ""246"", ""count"": 620}, {""value"": ""236"", ""count"": 61}]"
joint_mode_5,int64,6249074,0,0.0,6249074,236.0,255.0,253.0000350451923,0.09896913649398975,4.0,False,False,"[253, 253, 253, 253, 253, 253, 253, 253, 253, 253, 253, 253, 253, 253, 253, 253, 253, 253, 253, 253]","[{""value"": ""253"", ""count"": 6245438}, {""value"": ""255"", ""count"": 2919}, {""value"": ""246"", ""count"": 657}, {""value"": ""236"", ""count"": 60}]"
safety_mode,int64,6249074,0,0.0,6249074,1.0,7.0,1.000718186406498,0.06563994703892895,2.0,False,False,"[1, 1, 1, 1, 1, 1, 1, 1, 1, 1, 1, 1, 1, 1, 1, 1, 1, 1, 1, 1]","[{""value"": ""1"", ""count"": 6248326}, {""value"": ""7"", ""count"": 748}]"
actual_digital_output_bits,int64,6249074,0,0.0,6249074,0.0,0.0,0.0,0.0,1.0,False,True,"[0, 0, 0, 0, 0, 0, 0, 0, 0, 0, 0, 0, 0, 0, 0, 0, 0, 0, 0, 0]","[{""value"": ""0"", ""count"": 6249074}]"
runtime_state,int64,6249074,0,0.0,6249074,0.0,4.0,1.8466030327053256,0.3677620089122685,5.0,False,False,"[1, 1, 1, 1, 1, 1, 1, 1, 1, 1, 1, 1, 1, 1, 1, 1, 1, 1, 1, 1]","[{""value"": ""2"", ""count"": 5296326}, {""value"": ""1"", ""count"": 939582}, {""value"": ""0"", ""count"": 11333}, {""value"": ""4"", ""count"": 1826}, {""value"": ""3"", ""count"": 7}]"
output_int_register_24,int64,6249074,0,0.0,6249074,0.0,0.0,0.0,0.0,1.0,False,True,"[0, 0, 0, 0, 0, 0, 0, 0, 0, 0, 0, 0, 0, 0, 0, 0, 0, 0, 0, 0]","[{""value"": ""0"", ""count"": 6249074}]"
output_int_register_25,int64,6249074,0,0.0,6249074,0.0,92.0,24.137664716404384,30.625769477543987,93.0,False,False,"[0, 0, 0, 0, 0, 0, 0, 0, 0, 0, 0, 0, 0, 0, 0, 0, 0, 0, 0, 0]","[{""value"": ""0"", ""count"": 3122710}, {""value"": ""88"", ""count"": 41686}, {""value"": ""55"", ""count"": 40907}, {""value"": ""77"", ""count"": 40846}, {""value"": ""90"", ""count"": 40540}, {""value"": ""73"", ""count"": 40398}, {""value"": ""57"", ""count"": 39866}, {""value"": ""74"", ""count"": 39264}, {""value"": ""86"", ""count"": 39203}, {""value"": ""75"", ""count"": 39120}, {""value"": ""81"", ""count"": 38883}, {""value"": ""59"", ""count"": 38714}, {""value"": ""56"", ""count"": 38625}, {""value"": ""79"", ""count"": 38427}, {""value"": ""16"", ""count"": 38161}, {""value"": ""87"", ""count"": 38080}, {""value"": ""85"", ""count"": 38028}, {""value"": ""91"", ""count"": 37890}, {""value"": ""71"", ""count"": 37799}, {""value"": ""18"", ""count"": 37712}]"
output_int_register_26,int64,6249074,0,0.0,6249074,0.0,102.0,25.275256782044828,32.3779457820552,103.0,False,False,"[0, 0, 0, 0, 0, 0, 0, 0, 0, 0, 0, 0, 0, 0, 0, 0, 0, 0, 0, 0]","[{""value"": ""0"", ""count"": 3149111}, {""value"": ""57"", ""count"": 39995}, {""value"": ""76"", ""count"": 39539}, {""value"": ""74"", ""count"": 39218}, {""value"": ""17"", ""count"": 39192}, {""value"": ""68"", ""count"": 38893}, {""value"": ""55"", ""count"": 38640}, {""value"": ""89"", ""count"": 38113}, {""value"": ""91"", ""count"": 38085}, {""value"": ""70"", ""count"": 37886}, {""value"": ""84"", ""count"": 37094}, {""value"": ""60"", ""count"": 37050}, {""value"": ""80"", ""count"": 36908}, {""value"": ""77"", ""count"": 36898}, {""value"": ""87"", ""count"": 36874}, {""value"": ""27"", ""count"": 36778}, {""value"": ""28"", ""count"": 36777}, {""value"": ""85"", ""count"": 36699}, {""value"": ""29"", ""count"": 36387}, {""value"": ""81"", ""count"": 36291}]"
label,int64,6249074,0,0.0,6249074,0.0,5.0,2.786186401377228,2.3228529736654404,6.0,False,False,"[5, 5, 5, 5, 5, 5, 5, 5, 5, 5, 5, 5, 5, 5, 5, 5, 5, 5, 5, 5]","[{""value"": ""5"", ""count"": 3122710}, {""value"": ""0"", ""count"": 2206903}, {""value"": ""1"", ""count"": 340822}, {""value"": ""3"", ""count"": 291419}, {""value"": ""2"", ""count"": 283212}, {""value"": ""4"", ""count"": 4008}]"
sample_nr,int32,6249074,0,0.0,6249074,1.0,4094.0,2031.4966406222745,1187.4498137682276,4094.0,False,False,"[1, 1, 1, 1, 1, 1, 1, 1, 1, 1, 1, 1, 1, 1, 1, 1, 1, 1, 1, 1]","[{""value"": ""3277"", ""count"": 3795}, {""value"": ""2449"", ""count"": 3444}, {""value"": ""1037"", ""count"": 3100}, {""value"": ""145"", ""count"": 2567}, {""value"": ""2380"", ""count"": 2441}, {""value"": ""2736"", ""count"": 2389}, {""value"": ""3861"", ""count"": 2388}, {""value"": ""2920"", ""count"": 2382}, {""value"": ""305"", ""count"": 2377}, {""value"": ""847"", ""count"": 2377}, {""value"": ""1576"", ""count"": 2376}, {""value"": ""608"", ""count"": 2372}, {""value"": ""1982"", ""count"": 2372}, {""value"": ""1038"", ""count"": 2364}, {""value"": ""2577"", ""count"": 2359}, {""value"": ""696"", ""count"": 2356}, {""value"": ""1708"", ""count"": 2356}, {""value"": ""784"", ""count"": 2355}, {""value"": ""1796"", ""count"": 2355}, {""value"": ""3458"", ""count"": 2313}]"
