detector,commissioning_size,exploratory_cluster,seed_count,mean_episode_count,mean_score,mean_median_score,mean_q90,mean_q95,mean_q99,mean_max_score,median_max_score,mean_second_max_score,mean_max_minus_second,mean_max_to_second_ratio,median_max_to_second_ratio
Pooled,10,0,20,41.2,30.7985564411,28.929646319,37.3696518935,45.7981408562,52.5677035327,55.1539165641,58.596238614,48.9555660342,6.19835052986,1.14823857757,1.06359717712
Pooled,10,1,20,32.05,31.2177012138,29.517790868,38.1666568953,44.6220459891,52.0989385704,54.2025849987,56.4430748428,46.9514724881,7.25111251057,1.19331115221,1.06216039925
Pooled,10,2,20,26.75,30.1308363006,28.7943173644,34.0273882871,39.5888500998,45.6376468308,47.2461418195,45.2905239469,40.7908661779,6.45527564162,1.18825016785,1.04833405335
Pooled,25,0,20,41.2,27.4512255253,26.4261844188,31.0585713576,34.5611768713,41.1416689831,44.7386526062,41.0511760325,36.2623163262,8.47633627997,1.24410737278,1.09209284439
Pooled,25,1,20,32.05,28.2572096193,27.2648599694,32.0227196604,35.9486804709,43.71381617,46.376527039,46.3690844104,37.6116774036,8.76484963543,1.24257069403,1.18970402029
Pooled,25,2,20,26.75,27.2818103271,26.5809385677,30.5113368882,33.2859015464,36.3066242068,37.013815168,37.0542224959,34.1682588846,2.84555628335,1.0933961433,1.02982119753
Pooled,50,0,20,41.2,25.868457308,25.2246458042,28.3909335303,30.1495347848,35.6126918478,39.0118551876,34.0920801159,30.87541772,8.13643746766,1.26306210046,1.08953295337
Pooled,50,1,20,32.05,26.7093359298,26.0407177636,29.2512936769,32.2198300629,38.9189298602,41.1357655744,39.5322395464,34.2294797812,6.90628579313,1.1979409824,1.18677143748
Pooled,50,2,20,26.75,25.8798319766,25.4487676673,28.6309810201,30.1814305176,32.4800423905,33.1157744238,33.0674913296,30.5773742979,2.5384001259,1.08751349148,1.06649703805
Pooled,100,0,20,41.2,24.8019188047,24.3893811865,26.8206697335,27.5197045382,31.9626485919,34.6393167421,29.5624478308,28.2598748969,6.37944184518,1.22267697944,1.07030543419
Pooled,100,1,20,32.05,25.5759755003,25.1201370742,27.4440752323,29.4000915131,35.8061875154,38.0926139468,36.2234489468,31.0745335449,7.01808040197,1.22115498553,1.20599060415
Pooled,100,2,20,26.75,24.8461854114,24.5570278881,26.8808467982,28.1229905883,30.6583370958,31.3925433087,31.4960699138,28.4679880064,2.92455530227,1.10352123579,1.10051979229
RACE,10,0,20,41.2,30.9331610601,31.1878809455,34.4173451983,35.8871947643,41.6433228602,45.4538649162,39.0872037325,36.4428988075,9.01096610865,1.2523145671,1.03178743921
RACE,10,1,20,32.05,30.6654822796,31.1968044921,34.5042195448,36.5357965841,44.0340076596,46.9281090979,49.803652272,37.7477765984,9.18033249941,1.24908504924,1.22428443586
RACE,10,2,20,26.75,29.9143314707,30.8404654178,33.580875547,34.8259846367,36.3817096218,36.838313532,36.1537994102,35.031827792,1.80648574003,1.05525092113,1.02376287399
RACE,25,0,20,41.2,24.1199547855,23.8072275739,25.827379477,26.5435272564,32.4192204574,36.4908275336,28.7089528832,26.9704695055,9.52035802807,1.35246196187,1.05181023749
RACE,25,1,20,32.05,24.661804642,24.2096965017,26.3509153789,28.2755042209,36.6605051336,39.7217298125,35.2905901109,30.1236865029,9.59804330956,1.31848643728,1.23897181984
RACE,25,2,20,26.75,23.7473749165,23.577929453,25.6709449315,26.6673134045,28.3827323221,28.8728133074,28.2112722225,26.9561479659,1.91666534143,1.07160648457,1.06494888997
RACE,50,0,20,41.2,22.7822755985,22.5188197259,24.1889146063,24.7732577976,30.2898636594,33.8939193183,26.8656575723,25.2646128402,8.62930647813,1.33927179245,1.07626230804
RACE,50,1,20,32.05,23.4678502771,23.0123521651,24.8684280904,26.9266884187,33.9194319249,36.3570299818,30.7852433365,29.1105508323,7.2464791495,1.23440296582,1.22358857823
RACE,50,2,20,26.75,22.654313613,22.4344036684,24.1210383152,25.0462881976,27.6337746416,28.4400130735,27.804079448,25.3104378053,3.12957526817,1.12182134865,1.10865354773
RACE,100,0,20,41.2,23.2995076197,23.1251200948,24.7168835704,25.2409343412,29.3139923575,31.6468448949,28.7130660719,26.0594309734,5.58741392158,1.21157023387,1.09028550095
RACE,100,1,20,32.05,24.0389195711,23.6105785407,25.6397938053,26.9833517523,33.6730618724,36.2663730204,31.2529753012,28.6435102833,7.62286273709,1.24923307148,1.19857580088
RACE,100,2,20,26.75,23.2993982184,23.0519021819,24.7500698778,25.5410571257,28.6935482149,29.7012696056,27.8613702087,25.8113718696,3.8898977361,1.1459794741,1.11095731896
SourceOnly,10,0,20,41.2,36.4113114152,36.9010865799,39.3711187091,40.4007598312,46.3579156383,50.15904592,42.0089342495,41.0902137695,9.06883215046,1.22003611834,1.0300337604
SourceOnly,10,1,20,32.05,35.9032666772,36.3138765863,39.2813015365,40.5867987009,47.4579317419,50.2857333709,51.034824395,41.5828918897,8.70284148126,1.20867813085,1.21137526208
SourceOnly,10,2,20,26.75,35.4317762222,36.0561083801,39.2989963256,40.4166874042,42.0370942672,42.5080003922,43.9118662913,40.6327257559,1.8752746363,1.04628765207,1.03992155683
SourceOnly,25,0,20,41.2,36.4113114152,36.9010865799,39.3711187091,40.4007598312,46.3579156383,50.15904592,42.0089342495,41.0902137695,9.06883215046,1.22003611834,1.0300337604
SourceOnly,25,1,20,32.05,35.9032666772,36.3138765863,39.2813015365,40.5867987009,47.4579317419,50.2857333709,51.034824395,41.5828918897,8.70284148126,1.20867813085,1.21137526208
SourceOnly,25,2,20,26.75,35.4317762222,36.0561083801,39.2989963256,40.4166874042,42.0370942672,42.5080003922,43.9118662913,40.6327257559,1.8752746363,1.04628765207,1.03992155683
SourceOnly,50,0,20,41.2,36.4113114152,36.9010865799,39.3711187091,40.4007598312,46.3579156383,50.15904592,42.0089342495,41.0902137695,9.06883215046,1.22003611834,1.0300337604
SourceOnly,50,1,20,32.05,35.9032666772,36.3138765863,39.2813015365,40.5867987009,47.4579317419,50.2857333709,51.034824395,41.5828918897,8.70284148126,1.20867813085,1.21137526208
SourceOnly,50,2,20,26.75,35.4317762222,36.0561083801,39.2989963256,40.4166874042,42.0370942672,42.5080003922,43.9118662913,40.6327257559,1.8752746363,1.04628765207,1.03992155683
SourceOnly,100,0,20,41.2,36.4113114152,36.9010865799,39.3711187091,40.4007598312,46.3579156383,50.15904592,42.0089342495,41.0902137695,9.06883215046,1.22003611834,1.0300337604
SourceOnly,100,1,20,32.05,35.9032666772,36.3138765863,39.2813015365,40.5867987009,47.4579317419,50.2857333709,51.034824395,41.5828918897,8.70284148126,1.20867813085,1.21137526208
SourceOnly,100,2,20,26.75,35.4317762222,36.0561083801,39.2989963256,40.4166874042,42.0370942672,42.5080003922,43.9118662913,40.6327257559,1.8752746363,1.04628765207,1.03992155683
TargetOnly,10,0,20,41.2,1733.38389974,361.422985605,3292.360206,8428.57539018,11172.1255319,11714.9080091,7681.97247432,10322.9884996,1391.91950947,14.738235966,1.06039439232
TargetOnly,10,1,20,32.05,1881.12834104,32.326822987,5472.47493546,9273.3517364,12041.2172894,12543.4703325,16462.4859454,10869.3877379,1674.08259459,20.5464338463,1.01600192355
TargetOnly,10,2,20,26.75,1969.00164761,1205.83244943,3844.83670044,9245.77793623,11583.6185679,12369.9073226,12699.783584,9481.19856744,2888.70875514,40.809718026,1.13143450071
TargetOnly,25,0,20,41.2,616.304285342,29.8468119929,604.629710153,5720.48164913,7816.64372977,8479.6701777,67.4091611119,6733.02597318,1746.64420452,28.5906461253,1.18836864518
TargetOnly,25,1,20,32.05,551.841374391,29.853892966,34.778697278,4147.76695288,7690.15498486,8470.36077683,42.1907940132,5869.73984977,2600.62092706,83.9095124271,1.02703148543
TargetOnly,25,2,20,26.75,1232.92913552,29.3569034522,5737.51052287,8022.74823793,8897.15696978,9174.47167814,107.378568829,8193.55964128,980.912036859,14.2862620878,1.04770006391
TargetOnly,50,0,20,41.2,31.3622681199,30.9184772905,34.0858543189,35.9434061606,43.7186834012,48.4793058581,36.8343136602,37.034393103,11.4449127552,1.30422182616,1.02250019695
TargetOnly,50,1,20,32.05,31.103260447,30.8644524205,33.9635926719,34.9728564631,38.125987687,39.2370669466,37.3826561915,35.6077762079,3.62929073863,1.1002621867,1.04599485717
TargetOnly,50,2,20,26.75,91.4493686107,30.577344544,34.2380009649,35.292431618,1268.58564319,1741.11826442,39.3848090421,35.4617348627,1705.65652955,50.1897175485,1.07313006498
TargetOnly,100,0,20,41.2,32.578816895,32.1933631214,35.2402293306,36.3063338432,44.0681564305,48.1830610713,40.7982265704,38.0155023942,10.1675586771,1.25670657008,1.08271892094
TargetOnly,100,1,20,32.05,32.7260584243,32.3283911175,35.8870683404,36.9400465582,38.7110610242,39.2089781869,39.0804026241,37.5678326629,1.641145524,1.04355515787,1.02825382535
TargetOnly,100,2,20,26.75,106.283325838,32.0191063046,35.7544838133,36.9765025104,1537.33854891,2106.98134178,38.9642061476,37.3021300528,2069.67921173,55.9943285689,1.0484156495
