seed,commissioning_size,detector,count,median_score,q95,q99,second_max,maximum,max_minus_second,max_to_second_ratio,max_to_median_ratio
0,10,Pooled,100.0,28.864511561190767,40.36200049510581,48.573668945048055,48.47745516844698,58.09883282854951,9.621377660102532,1.198471178544143,2.0128119163001945
0,10,RACE,100.0,29.95541603748667,33.25076296924393,47.24028366627151,47.17333214148778,53.86848461985673,6.6951524783689464,1.1419266389384592,1.7982886484515814
0,10,SourceOnly,100.0,36.36517993843112,40.60954688122528,51.109621143204286,51.03482439502577,58.51449921287333,7.47967481784756,1.1465602146477962,1.6090804256143545
0,10,TargetOnly,100.0,30.344834731105713,36.17611140607616,40.51837650481119,40.11212405534716,80.73736900172884,40.62524494638168,2.012792164541736,2.660662670176517
0,25,Pooled,100.0,26.79252334549179,34.692429922556315,48.0989350332819,48.01494286969229,56.41415922864847,8.399216358956181,1.174929216967951,2.1055933590570493
0,25,RACE,100.0,23.052773469012678,26.312653438325352,45.14969927554911,45.05499933930272,54.52499296393688,9.469993624634164,1.2101874101321588,2.3652248627363153
0,25,SourceOnly,100.0,36.36517993843112,40.60954688122528,51.109621143204286,51.03482439502577,58.51449921287333,7.47967481784756,1.1465602146477962,1.6090804256143545
0,25,TargetOnly,100.0,29.212120947159242,33.91544773865442,41.75251320615399,41.38648540254581,77.98926576334554,36.602780360799734,1.884413837144726,2.6697570472345205
0,50,Pooled,100.0,25.43031820272281,30.207437571397985,47.30565762644841,47.21499852232896,56.280908934268616,9.065910411939655,1.192013357951334,2.213142143390194
0,50,RACE,100.0,22.28698975245626,24.916806222794662,48.03479713176545,47.92435922191448,58.968150207005976,11.043790985091498,1.2304421209671903,2.645855311191457
0,50,SourceOnly,100.0,36.36517993843112,40.60954688122528,51.109621143204286,51.03482439502577,58.51449921287333,7.47967481784756,1.1465602146477962,1.6090804256143545
0,50,TargetOnly,100.0,30.165617693463016,36.18320643917669,38.69429193265159,38.2317182732123,84.48908421711731,46.25736594390501,2.209921186731385,2.80084051570495
0,100,Pooled,100.0,24.573107118734924,27.299443696366378,30.856787184340046,30.827762952979302,33.73018608905201,2.9024231360727093,1.0941496514197184,1.3726463619790101
0,100,RACE,100.0,23.062308989492717,26.10542841162204,27.46621257857801,27.45144813179904,28.92789280969505,1.4764446778960085,1.0537838539813036,1.2543363642762186
0,100,SourceOnly,100.0,36.36517993843112,40.60954688122528,51.109621143204286,51.03482439502577,58.51449921287333,7.47967481784756,1.1465602146477962,1.6090804256143545
0,100,TargetOnly,100.0,32.16133680451448,39.322398074373915,41.514341038999945,41.11032523923452,81.51190521575606,40.40157997652154,1.9827599208084938,2.53446881611943
1,10,Pooled,100.0,29.67377587848941,65.7622111368474,66.44259906079512,66.40605502825008,70.06045828275145,3.654403254501375,1.055031175288861,2.361022694571824
1,10,RACE,100.0,27.09711823710177,38.907710189099866,44.79308919664531,44.68553045255633,55.44140486144903,10.755874408892701,1.240701504490642,2.046025868003109
1,10,SourceOnly,100.0,36.94291290722964,41.150084873157006,44.17034470706096,43.99057039074653,61.96800202218071,17.977431631434186,1.4086655724567683,1.6773989148552961
1,10,TargetOnly,100.0,30.86352482984818,21906.759509268722,21907.23521274085,21907.233516248736,21907.403165459964,0.16964921122780652,1.0000077439815074,709.8153333501709
1,25,Pooled,100.0,26.979565465793783,44.364909951243156,50.49577314719833,50.41007116719808,58.980269167218346,8.570198000020262,1.1700096389785877,2.186108936483683
1,25,RACE,100.0,23.776079035229877,28.61155043816269,35.78734830949806,35.573960063635155,56.91278464991476,21.338824586279607,1.599843946192902,2.393699338128252
1,25,SourceOnly,100.0,36.94291290722964,41.150084873157006,44.17034470706096,43.99057039074653,61.96800202218071,17.977431631434186,1.4086655724567683,1.6773989148552961
1,25,TargetOnly,100.0,30.26974043233727,38.464674808305475,61.06124697409614,60.56220324287113,110.46657636534724,49.90437312247611,1.824018454585376,3.649406132579036
1,50,Pooled,100.0,25.886894302642055,34.36439946017754,42.06503783944059,41.89357008502992,59.04034552608832,17.146775441058402,1.4092937270864285,2.280704082762936
1,50,RACE,100.0,23.031496926732117,26.198518087045308,34.680150408932406,34.41182529675972,61.24433651401399,26.832511217254265,1.7797468162719303,2.6591557078918795
1,50,SourceOnly,100.0,36.94291290722964,41.150084873157006,44.17034470706096,43.99057039074653,61.96800202218071,17.977431631434186,1.4086655724567683,1.6773989148552961
1,50,TargetOnly,100.0,30.75130629174098,37.442055666306075,64.37857618492643,63.77297053826755,124.33353520412513,60.56056466585758,1.949627469987738,4.043195239400869
1,100,Pooled,100.0,25.027034249330704,29.38911272631932,37.397787469811796,37.17926045062818,59.03196236897907,21.852701918350895,1.5877659117875669,2.358727837300888
1,100,RACE,100.0,23.521228101786875,26.399689552447825,34.370389395388344,34.00675944525286,70.3697544587824,36.362995013529535,2.0692872713164556,2.9917551139022587
1,100,SourceOnly,100.0,36.94291290722964,41.150084873157006,44.17034470706096,43.99057039074653,61.96800202218071,17.977431631434186,1.4086655724567683,1.6773989148552961
1,100,TargetOnly,100.0,32.722944209286936,39.19928433533376,66.2239830203686,65.66615121464751,121.449331786729,55.78318057208149,1.8494967276175382,3.7114426810122136
2,10,Pooled,100.0,28.049603867708456,39.79397264278833,48.00030830637767,47.99128496372797,48.89361922869721,0.902334264969241,1.0188020442805652,1.743112646413699
2,10,RACE,100.0,43.31332373297603,44.82512523533373,45.90850514236022,45.80019693650929,56.63101752159665,10.83082058508736,1.2364797819559952,1.3074733740297415
2,10,SourceOnly,100.0,36.59791278314364,40.58617387061515,41.66652110299757,41.57189177681542,51.03482439502577,9.462932618210353,1.2276281452144022,1.3944736328933907
2,10,TargetOnly,100.0,32.32765390424889,38.42434903093505,40.168070789569676,40.15232814360766,41.72659273980858,1.5742645962009192,1.039207305503443,1.2907398991401713
2,25,Pooled,100.0,26.263720602442227,32.47645901611317,42.34161468649827,42.29242986475429,47.21091203914953,4.918482174395237,1.1162969871942545,1.7975713629377952
2,25,RACE,100.0,24.67385988071147,27.01337610550285,35.66238729987421,35.555807850941314,46.21375274422592,10.657944893284608,1.2997525731370057,1.872984322990058
2,25,SourceOnly,100.0,36.59791278314364,40.58617387061515,41.66652110299757,41.57189177681542,51.03482439502577,9.462932618210353,1.2276281452144022,1.3944736328933907
2,25,TargetOnly,100.0,29.209318542213307,21953.551552654306,21955.08315648766,21955.082359137123,21955.162094190797,0.07973505367408507,1.0000036317355758,751.6492403772172
2,50,Pooled,100.0,25.209076715386985,29.221774930152257,39.870849786709854,39.80215077975914,46.67205147482712,6.869900695067983,1.172601242909757,1.8513986847578467
2,50,RACE,100.0,22.970331819342878,25.707602867334053,35.61588971910271,35.48610134380057,48.46493887400819,12.97883753020762,1.3657442502478516,2.1098928502720535
2,50,SourceOnly,100.0,36.59791278314364,40.58617387061515,41.66652110299757,41.57189177681542,51.03482439502577,9.462932618210353,1.2276281452144022,1.3944736328933907
2,50,TargetOnly,100.0,31.891722372752035,36.597358227888755,39.43833156351219,39.30468875316912,52.66896978747002,13.364281034300902,1.3400174752235723,1.6514934242770736
2,100,Pooled,100.0,24.30644993898997,27.157857611390764,36.78436209927805,36.68286686344348,46.83239044689495,10.149523583451469,1.2766829435996463,1.9267474503453144
2,100,RACE,100.0,24.249923847504775,27.026937152182036,36.112476262354164,35.90802509514466,56.35314181608504,20.445116720940383,1.569374580383283,2.3238481972339704
2,100,SourceOnly,100.0,36.59791278314364,40.58617387061515,41.66652110299757,41.57189177681542,51.03482439502577,9.462932618210353,1.2276281452144022,1.3944736328933907
2,100,TargetOnly,100.0,34.32191127691039,41.41694089960763,44.0875018674475,44.05749421331453,47.05825962661042,3.0007654132958947,1.0681102152284694,1.3710850554604235
3,10,Pooled,100.0,28.804358722632557,39.72337199741595,43.4510875746912,43.29776539575319,58.62998328954637,15.332217893793178,1.3541110667872256,2.0354552536341943
3,10,RACE,100.0,33.538998947900154,35.68143883452277,37.027210033680824,36.80740451153876,58.78795672573337,21.98055221419461,1.597177456707221,1.7528238340403428
3,10,SourceOnly,100.0,36.34567824276698,40.81096788319211,42.21764780307218,42.00893424945588,62.88028961107519,20.871355361619308,1.4968313463436564,1.730062352697704
3,10,TargetOnly,100.0,30.322966501069807,21818.33094805831,21819.447752549342,21819.4454348914,21819.67720068573,0.23176579433129518,1.0000106219837266,719.5759425422946
3,25,Pooled,100.0,26.775511905561277,35.72808726466391,37.800183658353475,37.79404391103778,38.408018642606805,0.6139747315690229,1.0162452775102404,1.434445727053661
3,25,RACE,100.0,23.83020448440864,26.52817124599039,27.382712526346438,27.35002371205245,30.61890514144953,3.26888142939708,1.119520241145406,1.2848779858973736
3,25,SourceOnly,100.0,36.34567824276698,40.81096788319211,42.21764780307218,42.00893424945588,62.88028961107519,20.871355361619308,1.4968313463436564,1.730062352697704
3,25,TargetOnly,100.0,29.328927908303726,36.40349659221532,42.33625814932441,42.0016264480115,75.46479657928555,33.46317013127405,1.7967112933756,2.57304995311198
3,50,Pooled,100.0,25.805990932605866,30.75931277506707,33.126734512691314,33.08484598267759,37.27369898404782,4.1888530013702265,1.1266094151855326,1.444381619810325
3,50,RACE,100.0,22.285144739648146,25.16038579240865,26.455440154501257,26.42240113858018,29.726302730686147,3.303901592105966,1.1250416862107901,1.3339066484858508
3,50,SourceOnly,100.0,36.34567824276698,40.81096788319211,42.21764780307218,42.00893424945588,62.88028961107519,20.871355361619308,1.4968313463436564,1.730062352697704
3,50,TargetOnly,100.0,30.57621064045433,35.60028125659692,38.88865338248141,38.508314967172446,76.54215649804942,38.03384153087698,1.987678675717181,2.503323822500723
3,100,Pooled,100.0,24.76073879876919,28.247919786115784,30.050959463723416,29.98000295567261,37.07565376074965,7.095650805077042,1.236679456488661,1.4973565232469
3,100,RACE,100.0,22.547920036310238,24.987342845943804,27.44141004183071,27.412944199250653,30.25952845725512,2.846584258004466,1.1038408803269764,1.3420097467316907
3,100,SourceOnly,100.0,36.34567824276698,40.81096788319211,42.21764780307218,42.00893424945588,62.88028961107519,20.871355361619308,1.4968313463436564,1.730062352697704
3,100,TargetOnly,100.0,29.88385789177738,34.82593029616261,37.46638431707093,37.38124228112976,45.89544587524323,8.514203594113475,1.2277667373941579,1.5357938737846655
4,10,Pooled,100.0,28.99785568466778,44.525173889898184,49.141052143790894,49.04588606505632,58.562493938508936,9.516607873452614,1.1940347832808937,2.019545671767484
4,10,RACE,100.0,45.63234568288762,47.82649445113254,59.072682825770954,58.98305768735088,67.94557152935405,8.962513842003176,1.1519506480913624,1.4889782787307824
4,10,SourceOnly,100.0,36.927252121219325,41.42365845274704,51.15327904718633,51.03482439502577,62.88028961107519,11.84546521604942,1.2321055349257548,1.702815292203738
4,10,TargetOnly,100.0,35.50437592666656,46.611088332289576,133.65198051374716,56.64658055117843,7757.186576804112,7700.539996252934,136.94006772034075,218.48536622151576
4,25,Pooled,100.0,26.955586324287513,36.24482143610488,47.59794713653959,47.49170682930146,58.115737553109085,10.624030723807628,1.2237028616805325,2.1559812075297233
4,25,RACE,100.0,24.766553895676072,27.632812947305663,45.74994752954006,45.64304568655838,56.33322998472104,10.690184298162656,1.2342127729944816,2.274568768106091
4,25,SourceOnly,100.0,36.927252121219325,41.42365845274704,51.15327904718633,51.03482439502577,62.88028961107519,11.84546521604942,1.2321055349257548,1.702815292203738
4,25,TargetOnly,100.0,30.23267937527559,28771.944934481624,28785.85212584167,28772.870227573247,30071.060054414866,1298.189826841619,1.045118537586756,994.6541515935601
4,50,Pooled,100.0,25.60502044548874,32.99213083882169,47.01312922225888,46.90377805404839,57.83889487509232,10.935116821043934,1.233139360510429,2.2588888377662966
4,50,RACE,100.0,22.37999674645821,25.67388370021754,47.3744711639138,47.25121825788673,59.5765088605884,12.32529060270167,1.2608459857147587,2.6620427847031207
4,50,SourceOnly,100.0,36.927252121219325,41.42365845274704,51.15327904718633,51.03482439502577,62.88028961107519,11.84546521604942,1.2321055349257548,1.702815292203738
4,50,TargetOnly,100.0,29.985640196161214,34.40363476749856,134.29860779281583,38.02396281620994,9665.488460471875,9627.464497655665,254.19466422240967,322.33723866630197
4,100,Pooled,100.0,24.581947979111497,31.51890170193047,35.89898021484677,35.845065360349594,41.23655081006462,5.391485449715027,1.1504108137484073,1.6775135495813989
4,100,RACE,100.0,23.065191452966303,25.95053677358063,33.46285209989246,33.41810380776711,37.89293302029997,4.47482921253286,1.133904342337126,1.642862280053901
4,100,SourceOnly,100.0,36.927252121219325,41.42365845274704,51.15327904718633,51.03482439502577,62.88028961107519,11.84546521604942,1.2321055349257548,1.702815292203738
4,100,TargetOnly,100.0,31.458391978739794,36.84103851311082,162.16678894781427,39.119703879401776,12343.828210714357,12304.708506834955,315.539919442333,392.38586063319957
5,10,Pooled,100.0,28.71455894177199,56.32727248493913,61.38783069965507,61.38469759574436,61.69800798681504,0.3133103910706794,1.00510404715413,2.1486663999237323
5,10,RACE,100.0,31.290485398980156,36.56262675207212,48.23540105037182,48.14713768913139,56.97347381316956,8.826336124038171,1.1833200590453916,1.8207922659782865
5,10,SourceOnly,100.0,36.62452636039827,40.79410945733895,51.144156171297375,51.03482439502577,61.96800202218071,10.93317762715494,1.2142297491322527,1.6919809805154529
5,10,TargetOnly,100.0,32.1202629675837,40.38897205371587,44.143196233514246,44.14004311584806,44.455354882466736,0.3153117666186773,1.0071434403856636,1.3840283601454888
5,25,Pooled,100.0,26.75132654782833,36.90543390089242,47.70595356543365,47.577311792148016,60.4414891207048,12.864177328556785,1.2703847032122535,2.259382876308668
5,25,RACE,100.0,24.272835892153072,27.387042191627398,46.36176651530984,46.23878870784433,58.53656945438932,12.297780746544994,1.265962433061286,2.4116081744413327
5,25,SourceOnly,100.0,36.62452636039827,40.79410945733895,51.144156171297375,51.03482439502577,61.96800202218071,10.93317762715494,1.2142297491322527,1.6919809805154529
5,25,TargetOnly,100.0,32.542284657388805,38.66893643923112,41.45645460043328,41.44063165753288,43.02292594757196,1.58229429003908,1.0381821952694936,1.3220622461061136
5,50,Pooled,100.0,25.778899674626594,32.34269903992363,47.43059765845832,47.31108918095405,59.26193693137501,11.950847750420962,1.2526014081965375,2.2988543995035124
5,50,RACE,100.0,23.158359192313505,25.51123077816443,48.840662752972115,48.7068491150422,62.08821290802667,13.381363792984466,1.2747326923443274,2.681028150242802
5,50,SourceOnly,100.0,36.62452636039827,40.79410945733895,51.144156171297375,51.03482439502577,61.96800202218071,10.93317762715494,1.2142297491322527,1.6919809805154529
5,50,TargetOnly,100.0,31.96573931572719,36.649614949324125,37.43447215245616,37.34992622885349,45.80451858911601,8.454592360262517,1.2263616883326316,1.4329253622668479
5,100,Pooled,100.0,24.70022419229528,28.148993106535457,46.91240546237624,46.78497267606868,59.52825130681834,12.743278630749657,1.2723797386605735,2.410028785300942
5,100,RACE,100.0,23.452239892022234,25.5805818338388,54.93233638745543,54.76853797427523,71.14837929228646,16.37984131801123,1.2990739195138792,3.0337562475850786
5,100,SourceOnly,100.0,36.62452636039827,40.79410945733895,51.144156171297375,51.03482439502577,61.96800202218071,10.93317762715494,1.2142297491322527,1.6919809805154529
5,100,TargetOnly,100.0,32.689659266049055,37.217765165893994,38.21058505890623,38.20717153464423,38.548523960844015,0.34135242619978357,1.008934250102504,1.1792268511308677
6,10,Pooled,100.0,28.814296636656998,55.51779900160827,56.81298463340998,56.79638838416332,58.4560133088282,1.6596249246648753,1.0292206066596945,2.0287156076009007
6,10,RACE,100.0,34.768086152883214,38.76095100154621,51.737552335657746,51.63940261835032,61.45437434908847,9.81497173073815,1.1900674917422525,1.7675512560242617
6,10,SourceOnly,100.0,36.4585758800652,40.57557869506085,51.15327904718633,51.03482439502577,62.88028961107519,11.84546521604942,1.2321055349257548,1.7247050410835396
6,10,TargetOnly,100.0,49.77196116046029,26420.309042630346,33599.62389890508,33599.61584621949,33600.42111477898,0.8052685594957438,1.000023966600189,675.0873449903705
6,25,Pooled,100.0,26.758559787301664,33.33482281474665,47.31336418560994,47.20547029966981,57.99485889367729,10.789388594007477,1.228562251906702,2.167338577063437
6,25,RACE,100.0,26.787753681112562,29.74558517331162,47.878425404538696,47.77177247720591,58.43706521047938,10.665292733273475,1.2232551186657847,2.1814843419171064
6,25,SourceOnly,100.0,36.4585758800652,40.57557869506085,51.15327904718633,51.03482439502577,62.88028961107519,11.84546521604942,1.2321055349257548,1.7247050410835396
6,25,TargetOnly,100.0,32.812833230756034,23590.42430646659,23591.489688350033,23591.486941848663,23591.761591985545,0.2746501368819736,1.0000116419171694,718.979718272928
6,50,Pooled,100.0,25.659348954113547,30.0873593043086,35.10380057824727,35.040228899615016,41.39739676283647,6.357167863221456,1.1814248383317867,1.6133455621523047
6,50,RACE,100.0,23.011654050896468,25.600129806993575,28.07361967425789,28.027343384449928,32.65497236524381,4.6276289807938795,1.1651112243253625,1.4190623713105779
6,50,SourceOnly,100.0,36.4585758800652,40.57557869506085,51.15327904718633,51.03482439502577,62.88028961107519,11.84546521604942,1.2321055349257548,1.7247050410835396
6,50,TargetOnly,100.0,32.02302117656174,36.72002010802628,40.489253095739144,40.21861067378463,67.28285286922178,27.064242195437153,1.672928322038688,2.1010776122044157
6,100,Pooled,100.0,24.72708331242056,28.15221609024956,34.30984307853723,34.24150189912442,41.07561984040109,6.834117941276666,1.1995858114346152,1.6611591153481722
6,100,RACE,100.0,22.92079020668934,25.961609923997244,27.712722941972377,27.651919474404924,33.73226623114711,6.080346756742184,1.219888777065558,1.4716886253468906
6,100,SourceOnly,100.0,36.4585758800652,40.57557869506085,51.15327904718633,51.03482439502577,62.88028961107519,11.84546521604942,1.2321055349257548,1.7247050410835396
6,100,TargetOnly,100.0,31.17929531279603,36.7707785743946,40.450361340094865,40.44804907848676,40.67927523929676,0.23122616080999592,1.005716620852623,1.3046887311337636
7,10,Pooled,100.0,30.431771527622256,42.260372623562326,44.88576787051345,44.73927490512359,59.38857144410209,14.649296538978504,1.32743705770924,1.951531851840974
7,10,RACE,100.0,29.007981327868904,33.158728357539324,34.35484367108687,34.122303062595094,57.37636391176093,23.25406084916584,1.6814915396099674,1.9779509392002266
7,10,SourceOnly,100.0,36.59147483543406,40.16095904258648,44.101550524476316,43.91186629127825,62.88028961107519,18.96842331979694,1.431965774216352,1.718440972764067
7,10,TargetOnly,100.0,47.02528530544658,24502.699219670598,31893.693008198316,31893.67601199091,31895.37563273178,1.6996207408701594,1.0000532902115213,678.2601195412116
7,25,Pooled,100.0,27.181262821136354,35.39716960305455,37.30410702295926,37.09395485708252,58.10917144474538,21.015216587662856,1.5665401995724466,2.137839283889314
7,25,RACE,100.0,23.90150879813182,26.857059832496137,28.500093176107285,28.22487849743218,55.74634636492877,27.52146786749659,1.9750783469271769,2.3323358720051175
7,25,SourceOnly,100.0,36.59147483543406,40.16095904258648,44.101550524476316,43.91186629127825,62.88028961107519,18.96842331979694,1.431965774216352,1.718440972764067
7,25,TargetOnly,100.0,28.995760195657372,28436.42105560753,28437.218958474416,28437.21365995728,28437.743511670906,0.5298517136252485,1.0000186323357823,980.7552317917832
7,50,Pooled,100.0,25.566343486720264,30.31693664469937,33.29843423932647,33.05013667646499,57.879892962600245,24.829756286135257,1.7512754494542389,2.2639096980240594
7,50,RACE,100.0,23.01455228448959,25.50828356048512,28.553118114682643,28.22837519227159,60.70266743336043,32.47429224108885,2.15041308682831,2.6375775936458403
7,50,SourceOnly,100.0,36.59147483543406,40.16095904258648,44.101550524476316,43.91186629127825,62.88028961107519,18.96842331979694,1.431965774216352,1.718440972764067
7,50,TargetOnly,100.0,30.80187150013337,34.73724329548018,36.57826297891257,36.55117786558763,39.25968919807968,2.7085113324920442,1.0741018892045628,1.2745877859372825
7,100,Pooled,100.0,24.844216478997417,28.19237110279138,31.958192211582904,31.6924923433238,58.26247916922068,26.569986825896883,1.838368486077555,2.345112361199803
7,100,RACE,100.0,23.740970892254197,26.279795241978135,29.16214944069391,28.739123519557573,71.04171563316953,42.30259211361196,2.4719513656992413,2.992367749220729
7,100,SourceOnly,100.0,36.59147483543406,40.16095904258648,44.101550524476316,43.91186629127825,62.88028961107519,18.96842331979694,1.431965774216352,1.718440972764067
7,100,TargetOnly,100.0,32.78705879726127,37.484222694930054,39.026584417776846,39.01687141287095,39.988171903460334,0.9713004905893854,1.024894371471029,1.2196327871532222
8,10,Pooled,100.0,28.82892244127753,55.20982251267104,56.69921550150459,56.693983062277205,57.21722698501559,0.5232439227383878,1.0092292672780392,1.9847161163086489
8,10,RACE,100.0,32.79968390990331,36.294485208644694,37.15581203744244,37.153473939155006,37.38728376789839,0.2338098287433823,1.006293081210287,1.1398671972143588
8,10,SourceOnly,100.0,36.68098708536567,40.417758686910624,42.28032662832942,42.263051438810045,43.99057039074653,1.7275189519364815,1.040875395720956,1.1992744439611087
8,10,TargetOnly,100.0,34.27258916203371,61.44133883407484,78.43686424407544,77.9417805935585,127.4501456452259,49.5083650516674,1.6351967413964752,3.718719500375883
8,25,Pooled,100.0,26.40088082451583,40.20035400865234,42.30065831997059,42.29245559487691,43.112728104243686,0.8202725093667738,1.0193952443249983,1.6330033982884864
8,25,RACE,100.0,24.554108299303046,27.494875339059284,29.02676590006927,29.006631853110942,31.02003654894296,2.013404695832019,1.0694118747060282,1.263333865389176
8,25,SourceOnly,100.0,36.68098708536567,40.417758686910624,42.28032662832942,42.263051438810045,43.99057039074653,1.7275189519364815,1.040875395720956,1.1992744439611087
8,25,TargetOnly,100.0,29.287952617606976,33.34930388905866,35.127961263372065,34.207013760141216,126.3017640831791,92.09475032303789,3.692276822782723,4.312413562402806
8,50,Pooled,100.0,25.664644353028727,31.37437478568162,33.25234334198102,33.24231526145699,34.24512331385952,1.0028080524025356,1.0301666127799842,1.3343307174961183
8,50,RACE,100.0,23.699989323100105,26.039640954021532,27.34259532294389,27.29898965225496,31.65955672114585,4.360567068890891,1.1597336430555663,1.3358468769556637
8,50,SourceOnly,100.0,36.68098708536567,40.417758686910624,42.28032662832942,42.263051438810045,43.99057039074653,1.7275189519364815,1.040875395720956,1.1992744439611087
8,50,TargetOnly,100.0,32.32134587314928,36.244352167761086,39.201362464157214,38.18430541009072,139.8900108166881,101.70570540659736,3.6635473479038394,4.328099806416189
8,100,Pooled,100.0,24.68441002912853,28.126892289702738,30.30663892440589,30.272326021823364,33.70361628007395,3.4312902582505878,1.1133474268140797,1.3653806690256085
8,100,RACE,100.0,24.144872953942905,26.28752330038367,28.468041920450027,28.412071586137507,34.00910501738656,5.597033431249052,1.1969949081072953,1.4085435480344
8,100,SourceOnly,100.0,36.68098708536567,40.417758686910624,42.28032662832942,42.263051438810045,43.99057039074653,1.7275189519364815,1.040875395720956,1.1992744439611087
8,100,TargetOnly,100.0,34.162194553217766,39.214927372117096,44.136978491542465,43.11489415359303,145.3233279484847,102.20843379489166,3.370606162937176,4.253922496755893
9,10,Pooled,100.0,29.220627020730763,45.1063051501896,46.49768600043845,46.38289399114457,57.862094920526864,11.479200929382294,1.2474878115965318,1.9801797846253
9,10,RACE,100.0,28.429552892270806,32.62936234030058,33.898077462436326,33.69114937840706,54.38395778132277,20.69280840291571,1.6141912278058967,1.9129374980817315
9,10,SourceOnly,100.0,36.947877455220166,40.783178301857994,44.05789262049428,43.91186629127825,58.51449921287333,14.602632921595081,1.3325441197313777,1.583703943042231
9,10,TargetOnly,100.0,31.740240189905652,39.40793597547477,110.41697467776606,43.29069798218805,6755.918367536556,6712.6276695543675,156.0593541438458,212.85025970550595
9,25,Pooled,100.0,26.93092050550905,39.05952436703899,40.94554425573286,40.78368216051618,56.969891682176446,16.186209521660267,1.3968795524139943,2.1154082598299064
9,25,RACE,100.0,23.724634639174504,28.27664554931137,32.448235083790145,32.21046957802162,55.98702015486165,23.77655057684003,1.7381621841695731,2.35986859255632
9,25,SourceOnly,100.0,36.947877455220166,40.783178301857994,44.05789262049428,43.91186629127825,58.51449921287333,14.602632921595081,1.3325441197313777,1.583703943042231
9,25,TargetOnly,100.0,31.3301785679239,36.23317368804649,134.18752908831206,38.61963804970183,9595.408741905838,9556.789103856136,248.45931309757373,306.2672854258704
9,50,Pooled,100.0,25.706254247311623,30.788134462565967,34.69038581542096,34.64009074920642,39.66959737065756,5.029506621451141,1.145193228789863,1.5431885559447556
9,50,RACE,100.0,22.516432615739234,24.87661811410845,31.139817772902347,31.116406395261706,33.45754415932476,2.341137764063056,1.0752380507673134,1.48591674046703
9,50,SourceOnly,100.0,36.947877455220166,40.783178301857994,44.05789262049428,43.91186629127825,58.51449921287333,14.602632921595081,1.3325441197313777,1.583703943042231
9,50,TargetOnly,100.0,31.40450300824756,35.82854545277817,163.39630620147,36.387505234453336,12737.267601929623,12700.88009669517,350.04509157361525,405.5873006041369
9,100,Pooled,100.0,24.706251761652176,28.322497322590728,34.71514237524976,34.67124348986756,39.0611320280857,4.389888538218145,1.1266146839960056,1.5810221803339048
9,100,RACE,100.0,23.580507593070816,26.14277254704842,33.518636996418266,33.47110231286445,38.22457066824322,4.753468355378764,1.142017084198383,1.6210240817494357
9,100,SourceOnly,100.0,36.947877455220166,40.783178301857994,44.05789262049428,43.91186629127825,58.51449921287333,14.602632921595081,1.3325441197313777,1.583703943042231
9,100,TargetOnly,100.0,32.98976664996205,37.53853392530155,184.76327894796918,39.01740223035215,14613.6050739846,14574.587671754247,374.54069821738375,442.9738842666658
10,10,Pooled,100.0,28.474956087133734,34.29358221839126,39.677217305799495,39.6719603024894,40.19766063349829,0.5257003310088848,1.0132511811113074,1.4116847278181195
10,10,RACE,100.0,31.936414429980317,34.39272281544154,35.72527495823882,35.70707743888953,37.526829373817726,1.819751934928199,1.0509633401961445,1.1750482965485758
10,10,SourceOnly,100.0,36.67668734104759,40.270507075338934,42.09919315091163,42.00893424945588,51.03482439502577,9.025890145569889,1.2148564420123749,1.3914785684013762
10,10,TargetOnly,100.0,35.324240121899756,24893.033133277717,24893.6548725997,24893.64658717127,24894.47513001421,0.8285428429371677,1.0000332833054424,704.7419857895409
10,25,Pooled,100.0,26.22710606669188,32.87873055227609,36.57530899032659,36.5704791633591,37.05346186010773,0.48298269674862837,1.0132069009703473,1.4127926186703914
10,25,RACE,100.0,22.01373696042373,25.78356138380957,26.517938546107686,26.517225439988486,26.5885360519085,0.07131061192001198,1.0026892184509044,1.2078156516410337
10,25,SourceOnly,100.0,36.67668734104759,40.270507075338934,42.09919315091163,42.00893424945588,51.03482439502577,9.025890145569889,1.2148564420123749,1.3914785684013762
10,25,TargetOnly,100.0,29.113341446366974,34.4117896538779,35.94391873431301,35.73411890309552,56.71410202483355,20.97998312173803,1.5871134860952345,1.9480450957274384
10,50,Pooled,100.0,25.165335354661252,29.72652116972604,33.49362080685541,33.493180489369095,33.53721223800044,0.04403174863134751,1.0013146481757778,1.332674958046546
10,50,RACE,100.0,21.936384984409326,24.72042749016626,26.21848506657752,26.21306710097345,26.75486366138028,0.54179656040683,1.0206689495097927,1.219656916141632
10,50,SourceOnly,100.0,36.67668734104759,40.270507075338934,42.09919315091163,42.00893424945588,51.03482439502577,9.025890145569889,1.2148564420123749,1.3914785684013762
10,50,TargetOnly,100.0,30.345131691062726,35.03115839422179,37.91158228224663,37.6484011954273,63.96650987734658,26.318108681919284,1.6990498360157678,2.1079661320496443
10,100,Pooled,100.0,24.354176950591217,28.121524469048502,30.40777283248496,30.395924529366862,31.58075484117603,1.1848303118091685,1.0389799070156411,1.296728479276709
10,100,RACE,100.0,22.886222876632722,25.412994630531585,27.348949432531473,27.329704650698435,29.254182834001185,1.9244781833027496,1.070417086752292,1.2782442516484567
10,100,SourceOnly,100.0,36.67668734104759,40.270507075338934,42.09919315091163,42.00893424945588,51.03482439502577,9.025890145569889,1.2148564420123749,1.3914785684013762
10,100,TargetOnly,100.0,32.53431675859284,37.14294748954169,39.10067232946575,38.78665068444887,70.1888151861204,31.40216450167152,1.8096126875492735,2.1573778760109477
11,10,Pooled,100.0,29.151300822401723,37.35043624879751,39.8835749069378,39.879102564042974,40.32633685352581,0.44723428948283583,1.0112147531094666,1.3833460502913981
11,10,RACE,100.0,28.874481051295934,31.77285382009719,33.69709346817115,33.65491241027509,37.87301819987917,4.218105789604081,1.1253340296412795,1.311643251097646
11,10,SourceOnly,100.0,36.61512023517362,40.41231884490935,41.57251335117328,41.54808853259172,43.99057039074653,2.4424818581548067,1.0587868646770318,1.2014318158236668
11,10,TargetOnly,100.0,30.196687670483907,13452.043585169777,17642.381199979864,17642.38059113631,17642.441475491927,0.06088435561832739,1.0000034510283522,584.250884335792
11,25,Pooled,100.0,26.560470628385552,34.39371182677505,37.06039141543469,37.05512428637655,37.58183719218997,0.5267129058134259,1.0142143068187488,1.4149537377559014
11,25,RACE,100.0,23.63652464794159,26.40135136507853,27.635172672773976,27.590740527900884,32.033955015207795,4.443214487306911,1.1610400591754233,1.3552734800205706
11,25,SourceOnly,100.0,36.61512023517362,40.41231884490935,41.57251335117328,41.54808853259172,43.99057039074653,2.4424818581548067,1.0587868646770318,1.2014318158236668
11,25,TargetOnly,100.0,28.51947766989558,15133.734848338469,19847.885517225848,19847.883444935032,19848.09067401646,0.20722908142852248,1.000010440865496,695.9486040997024
11,50,Pooled,100.0,25.628552750474675,29.803214371154503,32.90561363738072,32.88475722934917,34.9703980325031,2.085640803153929,1.06342272161561,1.3645092788883835
11,50,RACE,100.0,22.749259368537388,25.420975868693237,26.33368761440333,26.281271129057863,31.522919663601915,5.241648534544051,1.19944425476242,1.3856679530938334
11,50,SourceOnly,100.0,36.61512023517362,40.41231884490935,41.57251335117328,41.54808853259172,43.99057039074653,2.4424818581548067,1.0587868646770318,1.2014318158236668
11,50,TargetOnly,100.0,31.28347302905692,35.31657867132785,39.03527866478119,38.34976148928173,106.90147903919248,68.55171754991075,2.787539606186862,3.4171870540045073
11,100,Pooled,100.0,24.637104912328653,27.81014642355614,30.674233585228507,30.644696283402865,33.59842646596563,2.953730182562765,1.0963863421992046,1.3637327350565709
11,100,RACE,100.0,23.572881259009527,26.26608588213546,27.130169510551966,27.075427398100384,32.549638643255726,5.474211245155342,1.2021837426484878,1.3808086625310299
11,100,SourceOnly,100.0,36.61512023517362,40.41231884490935,41.57251335117328,41.54808853259172,43.99057039074653,2.4424818581548067,1.0587868646770318,1.2014318158236668
11,100,TargetOnly,100.0,32.60110326524607,37.712156546455695,41.08617454330444,40.711246533420216,78.20404752182317,37.492800988402955,1.9209445590820902,2.3988159813349466
12,10,Pooled,100.0,28.678621797126976,32.9639732892719,61.56361759838393,61.5508793126711,62.82470788395337,1.273828571282273,1.0206955381548877,2.190645991581337
12,10,RACE,100.0,28.77605555208816,32.443247880983485,38.029194246431615,38.015819616484585,39.353282611187005,1.3374629947024204,1.0351817482352126,1.3675704281273984
12,10,SourceOnly,100.0,36.18849746381251,40.31914999174542,42.27953958733474,42.263051438810045,43.91186629127825,1.648814852468206,1.039013152063935,1.2134205443370203
12,10,TargetOnly,100.0,30.801843792080454,24715.647719747765,24716.55605016383,24716.55086013063,24717.06986345061,0.5190033199833124,1.0000209982097794,802.4542306719212
12,25,Pooled,100.0,26.659422558019386,30.731358560362263,46.95067675836144,46.93665748327584,48.33858499183505,1.4019275085592113,1.0298684990310343,1.8131894975082414
12,25,RACE,100.0,23.473609789199962,26.82179697403746,28.632729612904058,28.61919428244313,29.97272732853539,1.353533046092263,1.0472945895238779,1.2768691137707173
12,25,SourceOnly,100.0,36.18849746381251,40.31914999174542,42.27953958733474,42.263051438810045,43.91186629127825,1.648814852468206,1.039013152063935,1.2134205443370203
12,25,TargetOnly,100.0,28.632741260282717,36.13339251604243,42.30957278716327,42.1919492289442,53.95430505084481,11.762355821900606,1.2787819960171805,1.884356952077318
12,50,Pooled,100.0,25.295080271918103,29.689234599534448,35.06372704305306,35.05992711327308,35.43992009127123,0.3799929779981497,1.010838384711139,1.4010597993877747
12,50,RACE,100.0,22.680128844138267,25.54473569890696,26.569046590321648,26.5588267022276,27.580815511632004,1.0219888094044052,1.0384801942067226,1.2160784315279731
12,50,SourceOnly,100.0,36.18849746381251,40.31914999174542,42.27953958733474,42.263051438810045,43.91186629127825,1.648814852468206,1.039013152063935,1.2134205443370203
12,50,TargetOnly,100.0,30.764205517594032,37.24849751687017,60.1179984944428,60.10639500232426,61.26674421417773,1.1603492118534646,1.0193049210788403,1.991494439183203
12,100,Pooled,100.0,24.54426836518186,27.546704768272956,30.290824704582494,30.272042333154086,32.15027947599395,1.8782371428398612,1.0620452733967938,1.3098895024144155
12,100,RACE,100.0,23.176163775169286,25.41849971254417,28.500841874374025,28.49823933403217,28.75849336821732,0.2602540341851487,1.0091322846697535,1.2408651253590504
12,100,SourceOnly,100.0,36.18849746381251,40.31914999174542,42.27953958733474,42.263051438810045,43.91186629127825,1.648814852468206,1.039013152063935,1.2134205443370203
12,100,TargetOnly,100.0,32.224202563129154,36.5975011766421,40.01302006189632,39.73574440616964,67.4633099788238,27.727565572654164,1.697799072020128,2.093560262559147
13,10,Pooled,100.0,29.033488063967084,43.80786531517248,49.11681942305688,49.012337887334695,59.46049145954794,10.448153572213243,1.213173948082839,2.0479968279575487
13,10,RACE,100.0,27.87638783051579,31.90515802984311,40.126108085895964,39.96995355398961,55.58540674461669,15.615453190627079,1.3906797932485568,1.9939960328636384
13,10,SourceOnly,100.0,36.825366539480626,40.5927951919949,42.21764780307218,42.00893424945588,62.88028961107519,20.871355361619308,1.4968313463436564,1.7075265101207064
13,10,TargetOnly,100.0,30.001458252025152,36.33348872274942,40.25222840837079,40.0203803251705,63.20518864518739,23.18480832001689,1.5793250371844916,2.1067372163791713
13,25,Pooled,100.0,26.497894386977066,34.834389131993554,41.7987405655941,41.63613268075444,57.89692116471215,16.260788483957704,1.3905451211964737,2.184963088733827
13,25,RACE,100.0,24.591081175813972,27.60944795247614,35.15942122241724,34.94478222759591,56.40868170971771,21.463899482121803,1.6142233007012918,2.293867492300308
13,25,SourceOnly,100.0,36.825366539480626,40.5927951919949,42.21764780307218,42.00893424945588,62.88028961107519,20.871355361619308,1.4968313463436564,1.7075265101207064
13,25,TargetOnly,100.0,29.56380000412171,34.68567591479743,38.58555496567113,38.27484149667848,69.346188395928,31.07134689924952,1.8117955733910986,2.345645295471486
13,50,Pooled,100.0,25.334047633651295,32.24438301086126,39.644320510229555,39.46090413608525,57.802541550506334,18.341637414421086,1.4648053007393835,2.2816149391669667
13,50,RACE,100.0,22.888168617910704,27.05523095302812,32.489005390679104,32.205375298652285,60.56838450131998,28.363009202667698,1.8806917770604157,2.6462748292549425
13,50,SourceOnly,100.0,36.825366539480626,40.5927951919949,42.21764780307218,42.00893424945588,62.88028961107519,20.871355361619308,1.4968313463436564,1.7075265101207064
13,50,TargetOnly,100.0,30.689859345074385,35.0481948387133,38.83482789795932,38.57280354748824,64.77523859458303,26.202435047094788,1.679298174809516,2.110639800145556
13,100,Pooled,100.0,24.47208859658584,29.150170130420918,35.99917550572704,35.94520297525785,41.34245602217371,5.397253046915857,1.1501522484274451,1.6893717861066215
13,100,RACE,100.0,22.46959341680619,25.46090541241687,30.795138570674755,30.773964584531345,32.891363198871204,2.1173986143398587,1.06880486940588,1.4638165715214955
13,100,SourceOnly,100.0,36.825366539480626,40.5927951919949,42.21764780307218,42.00893424945588,62.88028961107519,20.871355361619308,1.4968313463436564,1.7075265101207064
13,100,TargetOnly,100.0,30.302286404658076,36.05299676902675,38.635457988228175,38.60394415278853,41.75532769675189,3.1513835439633624,1.081633719380866,1.377959641036633
14,10,Pooled,100.0,29.693089265849345,45.08882108006377,59.48339765957632,59.46965187995254,60.844229842329256,1.374577962376712,1.0231139399495979,2.0491040624832357
14,10,RACE,100.0,25.338816089463055,29.464937193110433,53.259110778518114,53.252423763265206,53.92112528855593,0.6687015252907216,1.0125572035606012,2.128004919337119
14,10,SourceOnly,100.0,36.59893866461529,40.144213283168476,61.97712489806966,61.96800202218071,62.88028961107519,0.912287588894479,1.014721913876906,1.7180905213480775
14,10,TargetOnly,100.0,31.651208398230445,17186.124200908176,22539.228273971254,22539.22822491446,22539.23313059373,0.0049056792704504915,1.0000002176507208,712.1128788199395
14,25,Pooled,100.0,26.590142889358873,33.565915891596916,58.339207703406466,58.3290584474078,59.34398404727364,1.0149255998658404,1.017399999706509,2.2318038791368267
14,25,RACE,100.0,21.124907371440386,23.59153651528008,52.2552242076644,52.24969945511131,52.802174710419386,0.5524752553080745,1.0105737499175993,2.499522188760211
14,25,SourceOnly,100.0,36.59893866461529,40.144213283168476,61.97712489806966,61.96800202218071,62.88028961107519,0.912287588894479,1.014721913876906,1.7180905213480775
14,25,TargetOnly,100.0,25.436857631418924,17988.21218035649,23591.70688236361,23591.70628859145,23591.76566580769,0.05937721623922698,1.000002516868238,927.4638403710595
14,50,Pooled,100.0,25.271972572197228,30.67528251200972,40.3694113027502,40.351934360144654,42.09962862069828,1.7476942605536294,1.0433112882509001,1.6658623896661662
14,50,RACE,100.0,20.43472569288622,22.400909439895777,28.57175274773601,28.554798981140635,30.250175640677085,1.69537665953645,1.0593727401357713,1.4803318672003432
14,50,SourceOnly,100.0,36.59893866461529,40.144213283168476,61.97712489806966,61.96800202218071,62.88028961107519,0.912287588894479,1.014721913876906,1.7180905213480775
14,50,TargetOnly,100.0,27.25849197539237,31.033467872273334,32.59319640446321,32.58490344771138,33.41419912289366,0.82929567518228,1.0254503032827162,1.2258271350101966
14,100,Pooled,100.0,24.43273826384145,28.916380814292133,40.08998502611527,40.07619793318084,41.45490722662285,1.3787092934420073,1.034402197926578,1.6966950973306534
14,100,RACE,100.0,22.353422555187894,24.671617312647278,31.2472294132306,31.23073383164747,32.88029198995945,1.649558158311983,1.052818424543083,1.4709287541441134
14,100,SourceOnly,100.0,36.59893866461529,40.144213283168476,61.97712489806966,61.96800202218071,62.88028961107519,0.912287588894479,1.014721913876906,1.7180905213480775
14,100,TargetOnly,100.0,30.437291681718598,34.0367125067756,37.26380127019796,37.26281091008055,37.36184692182104,0.0990360117404876,1.0026577708262394,1.2275023452320335
15,10,Pooled,100.0,29.383055521771865,65.99084426576434,66.21539507283104,66.21483130666942,66.27120792283195,0.056376616162523874,1.0008514197657836,2.255422615041761
15,10,RACE,100.0,26.733142312218988,40.07521128211797,54.432665258004484,54.41312157120947,56.36749025070987,1.9543686795003978,1.035917231415271,2.108524676687403
15,10,SourceOnly,100.0,36.69504511047765,40.26981907823284,58.55815711685538,58.51449921287333,62.88028961107519,4.3657903982018595,1.0746104035227115,1.7135907428853598
15,10,TargetOnly,100.0,34.991127057019156,18177.23924832432,23840.217914286455,23840.214746412817,23840.531533776524,0.3167873637066805,1.0000132879408627,681.3307697956576
15,25,Pooled,100.0,26.552850660963948,38.47188769146807,39.782657584961214,39.762549891140566,41.77331927320459,2.0107693820640264,1.0505694274529422,1.5732141082168876
15,25,RACE,100.0,23.267962188758148,27.072775446540483,28.813893055266984,28.77474064850371,32.68998132482922,3.91524067632551,1.1360651942671498,1.4049352951339802
15,25,SourceOnly,100.0,36.69504511047765,40.26981907823284,58.55815711685538,58.51449921287333,62.88028961107519,4.3657903982018595,1.0746104035227115,1.7135907428853598
15,25,TargetOnly,100.0,30.66448518285017,35.8893177316599,38.330195059501136,38.29306783731678,42.00579005575099,3.712722218434216,1.0969554655220428,1.369851468409576
15,50,Pooled,100.0,25.333537700717685,31.986476597020037,38.21013816237536,38.179619096717545,41.23152566249698,3.051906565779433,1.0799354901380307,1.6275470938797827
15,50,RACE,100.0,22.950266541791954,25.41843586709986,29.804944568701526,29.77064905465176,33.200200459626814,3.4295514049750544,1.115199080768418,1.4466150272882428
15,50,SourceOnly,100.0,36.69504511047765,40.26981907823284,58.55815711685538,58.51449921287333,62.88028961107519,4.3657903982018595,1.0746104035227115,1.7135907428853598
15,50,TargetOnly,100.0,31.714581578960626,35.378929661221704,36.42946082243022,36.36993117703096,42.32289571695416,5.952964539923194,1.1636781909469964,1.334493271228622
15,100,Pooled,100.0,24.446553256898977,29.058329197549796,38.644548532872804,38.619098026913406,41.16414862285225,2.5450505959388465,1.065901347415344,1.6838426337764185
15,100,RACE,100.0,23.668230982929117,25.902066210282324,32.4251721873048,32.39445251396415,35.466419848028096,3.071967334063949,1.0948300432841003,1.4984820738655333
15,100,SourceOnly,100.0,36.69504511047765,40.26981907823284,58.55815711685538,58.51449921287333,62.88028961107519,4.3657903982018595,1.0746104035227115,1.7135907428853598
15,100,TargetOnly,100.0,33.437587802630134,36.257608590190166,39.023242697020876,39.01921284801989,39.42219774811854,0.4029849000986516,1.0103278582699318,1.1789785190490825
16,10,Pooled,100.0,28.843089670926325,61.8025454731758,62.13315689594823,62.12425398424456,63.01454515461108,0.8902911703665168,1.0143308146701013,2.1847363050751594
16,10,RACE,100.0,28.195624613862293,38.61034263994246,39.6534847128763,39.48250367827696,56.58060713820168,17.098103459924715,1.4330551983037487,2.006715861523564
16,10,SourceOnly,100.0,36.655325834483634,41.38960458053701,44.17034470706096,43.99057039074653,61.96800202218071,17.977431631434186,1.4086655724567683,1.6905593010411624
16,10,TargetOnly,100.0,32.00300725582508,45.48775914362992,57.4535013705605,56.970036713771165,105.31650239268048,48.34646567890931,1.8486297090137331,3.2908314381458985
16,25,Pooled,100.0,26.67418484119923,35.12464443318127,37.59903243116101,37.56313903846547,41.15247830801736,3.5893392695518855,1.0955548274566809,1.5427829773622879
16,25,RACE,100.0,22.305392774056884,25.813821375816094,30.179560546205874,30.17917975004888,30.217259365748188,0.0380796156993064,1.0012617843166942,1.3547064457386957
16,25,SourceOnly,100.0,36.655325834483634,41.38960458053701,44.17034470706096,43.99057039074653,61.96800202218071,17.977431631434186,1.4086655724567683,1.6905593010411624
16,25,TargetOnly,100.0,29.02862164469081,42.59080577987462,44.10683780596721,43.49892140711449,104.2905612923554,60.79163988524092,2.397543615306703,3.5926804437657354
16,50,Pooled,100.0,25.585231064852994,32.0739967532151,35.512949918210914,35.46025137378388,40.730105816484375,5.269854442700492,1.1486130029691934,1.591938165938092
16,50,RACE,100.0,21.908245077006903,24.81086236766185,30.5910770556851,30.588106220796107,30.88518970969532,0.2970834888992151,1.0097123858127979,1.4097518811358325
16,50,SourceOnly,100.0,36.655325834483634,41.38960458053701,44.17034470706096,43.99057039074653,61.96800202218071,17.977431631434186,1.4086655724567683,1.6905593010411624
16,50,TargetOnly,100.0,29.98315468537533,34.169640773555145,39.134645011687425,38.358883140269306,115.9350702820412,77.5761871417719,3.022378671925724,3.8666735204681455
16,100,Pooled,100.0,24.669375768284652,29.50572831529278,34.456927867491686,34.394198801161366,40.66710543419002,6.272906633028654,1.1823826939331652,1.6484853859363684
16,100,RACE,100.0,23.29215433549249,26.230621056011156,33.14270546488027,33.13559625220726,33.84651751950864,0.71092126730138,1.0214549109631315,1.4531295401874205
16,100,SourceOnly,100.0,36.655325834483634,41.38960458053701,44.17034470706096,43.99057039074653,61.96800202218071,17.977431631434186,1.4086655724567683,1.6905593010411624
16,100,TargetOnly,100.0,33.063723638097834,37.409083895989376,42.10039921444925,41.22163433506166,129.09812227377543,87.87648793871378,3.1318050425761297,3.904524598827142
17,10,Pooled,100.0,29.557599875488187,43.0180901495008,50.4923945070444,50.402130061099776,59.428574655558094,9.026444594458319,1.1790885540653946,2.0106021769663918
17,10,RACE,100.0,28.589274152523615,32.058291169511556,40.2413835734302,40.07238132051314,56.97260661221084,16.9002252916977,1.421742475360366,1.9927965399982632
17,10,SourceOnly,100.0,36.80305672834392,39.85436835752746,41.01496538836217,40.79410352752657,62.88028961107519,22.08618608354862,1.5414063350759886,1.7085616033259503
17,10,TargetOnly,100.0,30.926084647322533,36.24652727256871,37.801623842573015,37.79093858626598,38.85946421696861,1.0685256307026307,1.0282746518259527,1.2565271245978085
17,25,Pooled,100.0,26.705304949855567,37.78464743856713,45.941479498565755,45.81902448794685,58.06452554983143,12.245501061884582,1.2672580046985915,2.1742693318372113
17,25,RACE,100.0,23.300619104061113,26.57119732563951,34.3957953860168,34.18474696271425,55.28958929295816,21.104842330243912,1.617375999689664,2.3728806966902276
17,25,SourceOnly,100.0,36.80305672834392,39.85436835752746,41.01496538836217,40.79410352752657,62.88028961107519,22.08618608354862,1.5414063350759886,1.7085616033259503
17,25,TargetOnly,100.0,29.183509438684684,32.794470228760105,34.152898713113984,34.06819610332555,42.538457082164754,8.470260978839207,1.248626635620792,1.4576196591962034
17,50,Pooled,100.0,25.44984316554517,29.50964118101369,38.478785241348184,38.28714403401007,57.45126476781161,19.16412073380154,1.5005367001722105,2.2574309945293107
17,50,RACE,100.0,22.238243532134298,24.662973749633807,31.26477009019729,30.982380452176475,59.22134425424336,28.238963802066888,1.9114523606620786,2.6630405485338096
17,50,SourceOnly,100.0,36.80305672834392,39.85436835752746,41.01496538836217,40.79410352752657,62.88028961107519,22.08618608354862,1.5414063350759886,1.7085616033259503
17,50,TargetOnly,100.0,30.187349157671264,34.858204075969006,35.2036571632351,35.20087092712275,35.47949453835724,0.27862361123448665,1.0079152476599607,1.1753100397469356
17,100,Pooled,100.0,24.65982668080628,27.70949718027828,36.581497778821536,36.50169491839774,44.481980960773456,7.980286042375717,1.218627821535856,1.8038237468795977
17,100,RACE,100.0,22.95924518581579,25.276263079242394,32.0097354200436,31.949848078947685,37.93858218853599,5.988734109588304,1.1874417084798092,1.6524315970097496
17,100,SourceOnly,100.0,36.80305672834392,39.85436835752746,41.01496538836217,40.79410352752657,62.88028961107519,22.08618608354862,1.5414063350759886,1.7085616033259503
17,100,TargetOnly,100.0,31.99056857978055,36.28966481854246,41.94218128735748,41.51021084329988,84.70725524903742,43.197044405737536,2.0406365934590265,2.6478821418190153
18,10,Pooled,100.0,28.417682457171132,58.51339239024964,58.79094594340977,58.79067821150194,58.81745140228445,0.026773190782506617,1.000455398569926,2.0697483509054417
18,10,RACE,100.0,30.17677902154115,38.31032352406019,38.98146785520846,38.89069579389034,47.96790192569767,9.07720613180733,1.2334030272925418,1.589563349072366
18,10,SourceOnly,100.0,36.62452636039827,40.585598546642466,42.09919315091163,42.00893424945588,51.03482439502577,9.025890145569889,1.2148564420123749,1.3934603247240682
18,10,TargetOnly,100.0,30.803157049905728,15238.407964762939,19984.29734947876,19984.29336047825,19984.692260529155,0.39890005090637715,1.0000199606783042,648.7871430889685
18,25,Pooled,100.0,26.40330111775471,36.694443161471646,38.81990493181409,38.73809443281449,46.919144332769896,8.181049899955404,1.2111887541124209,1.7770181131335676
18,25,RACE,100.0,24.607718408692907,27.639258925097728,28.51560938173795,28.338271448328147,46.0720647892994,17.73379334097125,1.6257895218946912,1.8722607282853174
18,25,SourceOnly,100.0,36.62452636039827,40.585598546642466,42.09919315091163,42.00893424945588,51.03482439502577,9.025890145569889,1.2148564420123749,1.3934603247240682
18,25,TargetOnly,100.0,30.63531031199522,35.03729443834078,37.06125001687295,36.77427139252009,65.47213382779077,28.69786243527068,1.7803788178141264,2.137146095829009
18,50,Pooled,100.0,25.461130821373732,30.603045397546044,32.233394349711276,32.08519066177066,46.90555945582452,14.820368794053863,1.4619068326657088,1.842241799270319
18,50,RACE,100.0,23.05716211669079,25.437640719516256,27.309219897981304,27.09287969064664,48.72690042410193,21.634020733455287,1.7985131510743049,2.1133086620763764
18,50,SourceOnly,100.0,36.62452636039827,40.585598546642466,42.09919315091163,42.00893424945588,51.03482439502577,9.025890145569889,1.2148564420123749,1.3934603247240682
18,50,TargetOnly,100.0,32.06902528721689,36.03624346115459,37.94840631561196,37.67915476877194,64.60430945276067,26.925154683988737,1.7145901984591227,2.0145392282475374
18,100,Pooled,100.0,24.426159978893573,27.379363022784023,29.024923838920856,28.84876739047219,46.464412235329725,17.615644844857535,1.610620363997784,1.9022397411414325
18,100,RACE,100.0,22.915534998693573,25.413060822973936,27.455217319170497,27.18864787614032,53.84559217914448,26.656944303004163,1.9804439126374225,2.3497418752044954
18,100,SourceOnly,100.0,36.62452636039827,40.585598546642466,42.09919315091163,42.00893424945588,51.03482439502577,9.025890145569889,1.2148564420123749,1.3934603247240682
18,100,TargetOnly,100.0,31.077325856146885,34.985045353761976,37.183232390366356,37.14551576904187,40.9171779014884,3.7716621324465294,1.101537481829501,1.316624798764507
19,10,Pooled,100.0,29.482261465570858,45.45712170179121,48.439948950705485,48.39933189447664,52.46103751735927,4.061705622882634,1.083920696090149,1.779410225318802
19,10,RACE,100.0,29.465372049396226,33.70199800431448,35.50511480372945,35.450852449179706,40.87708790415147,5.426235454971767,1.1530636100429603,1.3872924406189224
19,10,SourceOnly,100.0,35.977959724638964,39.876941756066586,41.578464518815196,41.57189177681542,42.22916597679238,0.6572741999769605,1.0158105434197133,1.173750993663834
19,10,TargetOnly,100.0,31.887975307163423,15282.531898712903,15309.848931059387,15283.207579643677,17947.34272121338,2664.1351415697027,1.1743178012656303,562.82478107607
19,25,Pooled,100.0,26.968058284324464,33.60704786542422,35.645944947569305,35.58882216061576,41.30110085596701,5.7122786953512446,1.1605076636021048,1.531482186093235
19,25,RACE,100.0,25.6250453124812,28.08826724215028,32.580059546627545,32.54918744109726,35.6363979941241,3.0872105530268428,1.0948475459983025,1.3906862430704336
19,25,SourceOnly,100.0,35.977959724638964,39.876941756066586,41.578464518815196,41.57189177681542,42.22916597679238,0.6572741999769605,1.0158105434197133,1.173750993663834
19,25,TargetOnly,100.0,31.22376239009933,22706.702509966577,22738.935307468877,22708.673358113778,25734.868293622025,3026.194935508247,1.133261634785327,824.2077931576315
19,50,Pooled,100.0,25.6477018780097,32.00481648336803,35.32689346732126,35.2836946643987,39.60357495665285,4.3198802922541475,1.1224327648604473,1.54413737125543
19,50,RACE,100.0,22.642460978068534,24.905112986628385,33.35294058419044,33.34603058052368,34.03703094719914,0.6910003666754605,1.0207221175847854,1.5032390242459677
19,50,SourceOnly,100.0,35.977959724638964,39.876941756066586,41.578464518815196,41.57189177681542,42.22916597679238,0.6572741999769605,1.0158105434197133,1.173750993663834
19,50,TargetOnly,100.0,29.484849118051326,33.152246969216115,148.9969821880075,34.792158215223324,11455.274555487798,11420.482397272575,329.24874865841286,388.5139282762891
19,100,Pooled,100.0,24.7682950497378,29.739419583443027,34.92985721074787,34.905247427506346,37.36622575165767,2.460978324151327,1.070504537441325,1.5086313239010465
19,100,RACE,100.0,23.392430353085132,25.89760465730171,34.72924283029508,34.6910836381022,38.50700285738843,3.8159192192862292,1.1099971179653523,1.6461309182570634
19,100,SourceOnly,100.0,35.977959724638964,39.876941756066586,41.578464518815196,41.57189177681542,42.22916597679238,0.6572741999769605,1.0158105434197133,1.173750993663834
19,100,TargetOnly,100.0,31.81460002744368,35.37948327994836,181.86476942553338,40.1013806518296,14216.440258014956,14176.338877363127,354.5124887705416,446.85271057161407
