detector,commissioning_size,seed,reconstructed_threshold,frozen_threshold,reconstructed_fpr,frozen_fpr,reconstructed_recall,frozen_recall,reconstructed_retained_features,frozen_retained_features,reconstructed_target_weight,frozen_target_weight,passed
SourceOnly,10,0,58.51449921287333,58.514499212873325,0.0,0.0,0.5364238410596026,0.5364238410596026,540,540,,,True
TargetOnly,10,0,80.73736900172884,80.73736900172875,0.01,0.01,1.0,1.0,528,528,,,True
Pooled,10,0,58.09883282854951,58.09883282854959,0.0,0.0,0.5350993377483444,0.5350993377483444,542,542,,,True
RACE,10,0,53.86848461985673,53.868484619856766,0.0,0.0,0.4728476821192053,0.4728476821192053,542,542,0.14285714285714285,0.1428571428571428,True
SourceOnly,25,0,58.51449921287333,58.514499212873325,0.0,0.0,0.5364238410596026,0.5364238410596026,540,540,,,True
TargetOnly,25,0,77.98926576334554,77.98926576334556,0.01,0.01,1.0,1.0,531,531,,,True
Pooled,25,0,56.41415922864847,56.41415922864852,0.0,0.0,0.5364238410596026,0.5364238410596026,542,542,,,True
RACE,25,0,54.52499296393688,54.5249929639368,0.0,0.0,0.4278145695364238,0.4278145695364238,542,542,0.29411764705882354,0.2941176470588235,True
SourceOnly,50,0,58.51449921287333,58.514499212873325,0.0,0.0,0.5364238410596026,0.5364238410596026,540,540,,,True
TargetOnly,50,0,84.48908421711731,84.48908421711728,0.01,0.01,1.0,1.0,532,532,,,True
Pooled,50,0,56.280908934268616,56.28090893426874,0.0,0.0,0.5350993377483444,0.5350993377483444,542,542,,,True
RACE,50,0,58.968150207005976,58.96815020700607,0.0,0.0,0.40264900662251657,0.4026490066225165,542,542,0.45454545454545453,0.4545454545454545,True
SourceOnly,100,0,58.51449921287333,58.514499212873325,0.0,0.0,0.5364238410596026,0.5364238410596026,540,540,,,True
TargetOnly,100,0,81.51190521575606,81.51190521575604,0.01,0.01,1.0,1.0,533,533,,,True
Pooled,100,0,33.73018608905201,33.73018608905204,0.01,0.01,0.9973509933774835,0.9973509933774836,542,542,,,True
RACE,100,0,28.927892809695052,28.927892809695063,0.01,0.01,1.0,1.0,542,542,0.625,0.625,True
SourceOnly,10,1,61.968002022180706,61.96800202218071,0.01,0.01,0.5086092715231788,0.5086092715231788,540,540,,,True
TargetOnly,10,1,21907.403165459964,21907.40316545999,0.01,0.01,0.5682119205298013,0.5682119205298013,529,529,,,True
Pooled,10,1,70.06045828275145,70.0604582827514,0.0,0.0,0.48079470198675495,0.4807947019867549,542,542,,,True
RACE,10,1,55.44140486144903,55.44140486144915,0.0,0.0,0.46622516556291393,0.4662251655629139,542,542,0.14285714285714285,0.1428571428571428,True
SourceOnly,25,1,61.968002022180706,61.96800202218071,0.01,0.01,0.5086092715231788,0.5086092715231788,540,540,,,True
TargetOnly,25,1,110.46657636534725,110.46657636534728,0.0,0.0,1.0,1.0,529,529,,,True
Pooled,25,1,58.980269167218346,58.98026916721841,0.0,0.0,0.5152317880794702,0.5152317880794702,542,542,,,True
RACE,25,1,56.912784649914755,56.91278464991478,0.0,0.0,0.4052980132450331,0.4052980132450331,542,542,0.29411764705882354,0.2941176470588235,True
SourceOnly,50,1,61.968002022180706,61.96800202218071,0.01,0.01,0.5086092715231788,0.5086092715231788,540,540,,,True
TargetOnly,50,1,124.33353520412513,124.3335352041251,0.0,0.0,1.0,1.0,532,532,,,True
Pooled,50,1,59.04034552608832,59.04034552608835,0.0,0.0,0.5046357615894039,0.5046357615894039,542,542,,,True
RACE,50,1,61.24433651401399,61.244336514014,0.0,0.0,0.3973509933774834,0.3973509933774834,542,542,0.45454545454545453,0.4545454545454545,True
SourceOnly,100,1,61.968002022180706,61.96800202218071,0.01,0.01,0.5086092715231788,0.5086092715231788,540,540,,,True
TargetOnly,100,1,121.449331786729,121.44933178672908,0.0,0.0,1.0,1.0,533,533,,,True
Pooled,100,1,59.03196236897907,59.03196236897917,0.0,0.0,0.4966887417218543,0.4966887417218543,542,542,,,True
RACE,100,1,70.3697544587824,70.36975445878244,0.0,0.0,0.3841059602649007,0.3841059602649007,542,542,0.625,0.625,True
SourceOnly,10,2,51.03482439502577,51.03482439502569,0.03,0.03,0.6119205298013245,0.6119205298013245,540,540,,,True
TargetOnly,10,2,41.72659273980858,41.72659273980856,0.04,0.04,1.0,1.0,526,526,,,True
Pooled,10,2,48.89361922869721,48.89361922869723,0.03,0.03,0.671523178807947,0.671523178807947,542,542,,,True
RACE,10,2,56.63101752159665,56.63101752159672,0.02,0.02,0.495364238410596,0.495364238410596,542,542,0.14285714285714285,0.1428571428571428,True
SourceOnly,25,2,51.03482439502577,51.03482439502569,0.03,0.03,0.6119205298013245,0.6119205298013245,540,540,,,True
TargetOnly,25,2,21955.162094190793,21955.1620941908,0.02,0.02,0.5536423841059602,0.5536423841059602,531,531,,,True
Pooled,25,2,47.21091203914953,47.21091203914953,0.03,0.03,0.6622516556291391,0.6622516556291391,542,542,,,True
RACE,25,2,46.21375274422592,46.21375274422592,0.03,0.03,0.5139072847682119,0.5139072847682119,542,542,0.29411764705882354,0.2941176470588235,True
SourceOnly,50,2,51.03482439502577,51.03482439502569,0.03,0.03,0.6119205298013245,0.6119205298013245,540,540,,,True
TargetOnly,50,2,52.66896978747002,52.66896978747005,0.03,0.03,1.0,1.0,531,531,,,True
Pooled,50,2,46.672051474827114,46.67205147482726,0.03,0.03,0.6596026490066225,0.6596026490066225,542,542,,,True
RACE,50,2,48.46493887400819,48.46493887400828,0.03,0.03,0.5099337748344371,0.5099337748344371,542,542,0.45454545454545453,0.4545454545454545,True
SourceOnly,100,2,51.03482439502577,51.03482439502569,0.03,0.03,0.6119205298013245,0.6119205298013245,540,540,,,True
TargetOnly,100,2,47.05825962661042,47.05825962661042,0.03,0.03,1.0,1.0,532,532,,,True
Pooled,100,2,46.83239044689495,46.83239044689493,0.03,0.03,0.6423841059602649,0.6423841059602649,542,542,,,True
RACE,100,2,56.353141816085035,56.35314181608495,0.03,0.03,0.49933774834437084,0.4993377483443708,542,542,0.625,0.625,True
SourceOnly,10,3,62.880289611075185,62.88028961107517,0.0,0.0,0.49933774834437084,0.4993377483443708,540,540,,,True
TargetOnly,10,3,21819.677200685735,21819.677200685743,0.0,0.0,0.46622516556291393,0.4662251655629139,528,528,,,True
Pooled,10,3,58.629983289546374,58.62998328954623,0.01,0.01,0.5298013245033113,0.5298013245033113,542,542,,,True
RACE,10,3,58.78795672573337,58.7879567257334,0.0,0.0,0.423841059602649,0.423841059602649,542,542,0.14285714285714285,0.1428571428571428,True
SourceOnly,25,3,62.880289611075185,62.88028961107517,0.0,0.0,0.49933774834437084,0.4993377483443708,540,540,,,True
TargetOnly,25,3,75.46479657928555,75.46479657928555,0.0,0.0,1.0,1.0,530,530,,,True
Pooled,25,3,38.408018642606805,38.408018642606685,0.01,0.01,0.9602649006622517,0.9602649006622516,542,542,,,True
RACE,25,3,30.61890514144953,30.618905141449535,0.0,0.0,0.9562913907284768,0.9562913907284768,542,542,0.29411764705882354,0.2941176470588235,True
SourceOnly,50,3,62.880289611075185,62.88028961107517,0.0,0.0,0.49933774834437084,0.4993377483443708,540,540,,,True
TargetOnly,50,3,76.54215649804942,76.54215649804945,0.0,0.0,1.0,1.0,532,532,,,True
Pooled,50,3,37.27369898404782,37.27369898404783,0.01,0.01,0.9721854304635762,0.9721854304635762,542,542,,,True
RACE,50,3,29.726302730686147,29.72630273068619,0.0,0.0,0.9960264900662251,0.9960264900662252,542,542,0.45454545454545453,0.4545454545454545,True
SourceOnly,100,3,62.880289611075185,62.88028961107517,0.0,0.0,0.49933774834437084,0.4993377483443708,540,540,,,True
TargetOnly,100,3,45.89544587524323,45.89544587524324,0.0,0.0,1.0,1.0,533,533,,,True
Pooled,100,3,37.07565376074965,37.07565376074966,0.0,0.0,0.9536423841059603,0.9536423841059604,542,542,,,True
RACE,100,3,30.25952845725512,30.259528457255108,0.0,0.0,0.9973509933774835,0.9973509933774836,542,542,0.625,0.625,True
SourceOnly,10,4,62.880289611075185,62.88028961107517,0.0,0.0,0.49933774834437084,0.4993377483443708,540,540,,,True
TargetOnly,10,4,7757.186576804112,7757.1865768041425,0.0,0.0,0.0026490066225165563,0.0026490066225165,522,522,,,True
Pooled,10,4,58.562493938508936,58.5624939385089,0.01,0.01,0.5350993377483444,0.5350993377483444,542,542,,,True
RACE,10,4,67.94557152935405,67.94557152935405,0.0,0.0,0.40794701986754967,0.4079470198675496,542,542,0.14285714285714285,0.1428571428571428,True
SourceOnly,25,4,62.880289611075185,62.88028961107517,0.0,0.0,0.49933774834437084,0.4993377483443708,540,540,,,True
TargetOnly,25,4,30071.060054414866,30071.060054414866,0.0,0.0,0.14701986754966886,0.1470198675496688,530,530,,,True
Pooled,25,4,58.115737553109085,58.115737553108886,0.01,0.01,0.5258278145695364,0.5258278145695364,542,542,,,True
RACE,25,4,56.33322998472104,56.33322998472081,0.0,0.0,0.40794701986754967,0.4079470198675496,542,542,0.29411764705882354,0.2941176470588235,True
SourceOnly,50,4,62.880289611075185,62.88028961107517,0.0,0.0,0.49933774834437084,0.4993377483443708,540,540,,,True
TargetOnly,50,4,9665.488460471875,9665.48846047188,0.0,0.0,0.0026490066225165563,0.0026490066225165,531,531,,,True
Pooled,50,4,57.83889487509232,57.83889487509245,0.01,0.01,0.519205298013245,0.519205298013245,542,542,,,True
RACE,50,4,59.5765088605884,59.57650886058856,0.01,0.01,0.39470198675496687,0.3947019867549668,542,542,0.45454545454545453,0.4545454545454545,True
SourceOnly,100,4,62.880289611075185,62.88028961107517,0.0,0.0,0.49933774834437084,0.4993377483443708,540,540,,,True
TargetOnly,100,4,12343.828210714355,12343.828210714377,0.0,0.0,0.0026490066225165563,0.0026490066225165,534,534,,,True
Pooled,100,4,41.23655081006462,41.23655081006468,0.0,0.0,0.7880794701986755,0.7880794701986755,542,542,,,True
RACE,100,4,37.89293302029997,37.89293302029994,0.0,0.0,0.8092715231788079,0.8092715231788079,542,542,0.625,0.625,True
SourceOnly,10,5,61.968002022180706,61.96800202218071,0.01,0.01,0.5086092715231788,0.5086092715231788,540,540,,,True
TargetOnly,10,5,44.455354882466736,44.45535488246689,0.02,0.02,1.0,1.0,527,527,,,True
Pooled,10,5,61.698007986815036,61.69800798681508,0.0,0.0,0.5655629139072847,0.5655629139072847,542,542,,,True
RACE,10,5,56.973473813169555,56.97347381316978,0.01,0.01,0.4596026490066225,0.4596026490066225,542,542,0.14285714285714285,0.1428571428571428,True
SourceOnly,25,5,61.968002022180706,61.96800202218071,0.01,0.01,0.5086092715231788,0.5086092715231788,540,540,,,True
TargetOnly,25,5,43.022925947571956,43.02292594757192,0.02,0.02,1.0,1.0,533,533,,,True
Pooled,25,5,60.4414891207048,60.44148912070481,0.0,0.0,0.5046357615894039,0.5046357615894039,542,542,,,True
RACE,25,5,58.536569454389316,58.53656945438932,0.0,0.0,0.42119205298013246,0.4211920529801324,542,542,0.29411764705882354,0.2941176470588235,True
SourceOnly,50,5,61.968002022180706,61.96800202218071,0.01,0.01,0.5086092715231788,0.5086092715231788,540,540,,,True
TargetOnly,50,5,45.80451858911601,45.804518589116014,0.02,0.02,1.0,1.0,533,533,,,True
Pooled,50,5,59.26193693137501,59.26193693137508,0.0,0.0,0.5046357615894039,0.5046357615894039,542,542,,,True
RACE,50,5,62.08821290802667,62.088212908026605,0.0,0.0,0.3973509933774834,0.3973509933774834,542,542,0.45454545454545453,0.4545454545454545,True
SourceOnly,100,5,61.968002022180706,61.96800202218071,0.01,0.01,0.5086092715231788,0.5086092715231788,540,540,,,True
TargetOnly,100,5,38.548523960844015,38.548523960844,0.03,0.03,1.0,1.0,534,534,,,True
Pooled,100,5,59.52825130681834,59.52825130681831,0.0,0.0,0.4900662251655629,0.4900662251655629,542,542,,,True
RACE,100,5,71.14837929228646,71.14837929228622,0.0,0.0,0.3801324503311258,0.3801324503311258,542,542,0.625,0.625,True
SourceOnly,10,6,62.880289611075185,62.88028961107517,0.0,0.0,0.49933774834437084,0.4993377483443708,540,540,,,True
TargetOnly,10,6,33600.42111477898,33600.421114778925,0.0,0.0,0.3562913907284768,0.3562913907284768,526,526,,,True
Pooled,10,6,58.4560133088282,58.456013308828325,0.01,0.01,0.6039735099337749,0.6039735099337749,542,542,,,True
RACE,10,6,61.45437434908847,61.45437434908847,0.0,0.0,0.423841059602649,0.423841059602649,542,542,0.14285714285714285,0.1428571428571428,True
SourceOnly,25,6,62.880289611075185,62.88028961107517,0.0,0.0,0.49933774834437084,0.4993377483443708,540,540,,,True
TargetOnly,25,6,23591.761591985545,23591.76159198557,0.01,0.01,0.2370860927152318,0.2370860927152318,530,530,,,True
Pooled,25,6,57.99485889367729,57.99485889367731,0.0,0.0,0.5258278145695364,0.5258278145695364,542,542,,,True
RACE,25,6,58.43706521047938,58.43706521047928,0.0,0.0,0.4357615894039735,0.4357615894039735,542,542,0.29411764705882354,0.2941176470588235,True
SourceOnly,50,6,62.880289611075185,62.88028961107517,0.0,0.0,0.49933774834437084,0.4993377483443708,540,540,,,True
TargetOnly,50,6,67.28285286922178,67.28285286922184,0.01,0.01,1.0,1.0,533,533,,,True
Pooled,50,6,41.397396762836465,41.39739676283639,0.0,0.0,0.7973509933774835,0.7973509933774835,542,542,,,True
RACE,50,6,32.65497236524381,32.654972365243864,0.02,0.02,0.9576158940397351,0.9576158940397352,542,542,0.45454545454545453,0.4545454545454545,True
SourceOnly,100,6,62.880289611075185,62.88028961107517,0.0,0.0,0.49933774834437084,0.4993377483443708,540,540,,,True
TargetOnly,100,6,40.67927523929676,40.67927523929677,0.01,0.01,1.0,1.0,533,533,,,True
Pooled,100,6,41.07561984040109,41.07561984040111,0.0,0.0,0.7827814569536424,0.7827814569536424,542,542,,,True
RACE,100,6,33.73226623114711,33.73226623114707,0.01,0.01,0.990728476821192,0.990728476821192,542,542,0.625,0.625,True
SourceOnly,10,7,62.880289611075185,62.88028961107517,0.0,0.0,0.49933774834437084,0.4993377483443708,540,540,,,True
TargetOnly,10,7,31895.37563273178,31895.37563273181,0.0,0.0,0.4119205298013245,0.4119205298013245,527,527,,,True
Pooled,10,7,59.38857144410209,59.38857144410197,0.01,0.01,0.5165562913907285,0.5165562913907285,542,542,,,True
RACE,10,7,57.37636391176093,57.37636391176097,0.0,0.0,0.4463576158940397,0.4463576158940397,542,542,0.14285714285714285,0.1428571428571428,True
SourceOnly,25,7,62.880289611075185,62.88028961107517,0.0,0.0,0.49933774834437084,0.4993377483443708,540,540,,,True
TargetOnly,25,7,28437.743511670902,28437.743511670884,0.0,0.0,0.5417218543046357,0.5417218543046357,529,529,,,True
Pooled,25,7,58.10917144474538,58.10917144474529,0.01,0.01,0.5152317880794702,0.5152317880794702,542,542,,,True
RACE,25,7,55.74634636492877,55.74634636492865,0.01,0.01,0.41721854304635764,0.4172185430463576,542,542,0.29411764705882354,0.2941176470588235,True
SourceOnly,50,7,62.880289611075185,62.88028961107517,0.0,0.0,0.49933774834437084,0.4993377483443708,540,540,,,True
TargetOnly,50,7,39.259689198079684,39.25968919807966,0.01,0.01,1.0,1.0,531,531,,,True
Pooled,50,7,57.879892962600245,57.87989296260011,0.01,0.01,0.5165562913907285,0.5165562913907285,542,542,,,True
RACE,50,7,60.70266743336043,60.70266743336033,0.01,0.01,0.40264900662251657,0.4026490066225165,542,542,0.45454545454545453,0.4545454545454545,True
SourceOnly,100,7,62.880289611075185,62.88028961107517,0.0,0.0,0.49933774834437084,0.4993377483443708,540,540,,,True
TargetOnly,100,7,39.988171903460334,39.988171903460334,0.01,0.01,1.0,1.0,532,532,,,True
Pooled,100,7,58.26247916922068,58.26247916922076,0.01,0.01,0.5086092715231788,0.5086092715231788,542,542,,,True
RACE,100,7,71.04171563316953,71.04171563316937,0.01,0.01,0.38675496688741723,0.3867549668874172,542,542,0.625,0.625,True
SourceOnly,10,8,43.99057039074653,43.99057039074639,0.02,0.02,0.7814569536423841,0.7814569536423841,540,540,,,True
TargetOnly,10,8,127.4501456452259,127.4501456452259,0.02,0.02,1.0,1.0,527,527,,,True
Pooled,10,8,57.217226985015586,57.21722698501561,0.01,0.01,0.5933774834437087,0.5933774834437087,542,542,,,True
RACE,10,8,37.38728376789839,37.38728376789836,0.02,0.02,0.7350993377483444,0.7350993377483444,542,542,0.14285714285714285,0.1428571428571428,True
SourceOnly,25,8,43.99057039074653,43.99057039074639,0.02,0.02,0.7814569536423841,0.7814569536423841,540,540,,,True
TargetOnly,25,8,126.3017640831791,126.30176408317904,0.01,0.01,1.0,1.0,532,532,,,True
Pooled,25,8,43.112728104243686,43.11272810424365,0.02,0.02,0.7920529801324503,0.7920529801324503,542,542,,,True
RACE,25,8,31.020036548942958,31.02003654894299,0.04,0.04,0.9602649006622517,0.9602649006622516,542,542,0.29411764705882354,0.2941176470588235,True
SourceOnly,50,8,43.99057039074653,43.99057039074639,0.02,0.02,0.7814569536423841,0.7814569536423841,540,540,,,True
TargetOnly,50,8,139.8900108166881,139.890010816688,0.01,0.01,1.0,1.0,532,532,,,True
Pooled,50,8,34.24512331385952,34.245123313859615,0.04,0.04,0.9973509933774835,0.9973509933774836,542,542,,,True
RACE,50,8,31.65955672114585,31.659556721145844,0.02,0.02,0.9920529801324504,0.9920529801324504,542,542,0.45454545454545453,0.4545454545454545,True
SourceOnly,100,8,43.99057039074653,43.99057039074639,0.02,0.02,0.7814569536423841,0.7814569536423841,540,540,,,True
TargetOnly,100,8,145.3233279484847,145.32332794848486,0.01,0.01,1.0,1.0,533,533,,,True
Pooled,100,8,33.70361628007395,33.70361628007415,0.04,0.04,0.9986754966887417,0.9986754966887416,542,542,,,True
RACE,100,8,34.00910501738656,34.00910501738661,0.02,0.02,0.9973509933774835,0.9973509933774836,542,542,0.625,0.625,True
SourceOnly,10,9,58.51449921287333,58.514499212873325,0.0,0.0,0.5364238410596026,0.5364238410596026,540,540,,,True
TargetOnly,10,9,6755.918367536556,6755.918367536551,0.0,0.0,0.0026490066225165563,0.0026490066225165,529,529,,,True
Pooled,10,9,57.862094920526864,57.86209492052679,0.0,0.0,0.552317880794702,0.552317880794702,542,542,,,True
RACE,10,9,54.38395778132277,54.38395778132282,0.0,0.0,0.47152317880794703,0.471523178807947,542,542,0.14285714285714285,0.1428571428571428,True
SourceOnly,25,9,58.51449921287333,58.514499212873325,0.0,0.0,0.5364238410596026,0.5364238410596026,540,540,,,True
TargetOnly,25,9,9595.408741905838,9595.408741905843,0.0,0.0,0.0026490066225165563,0.0026490066225165,532,532,,,True
Pooled,25,9,56.969891682176446,56.96989168217637,0.0,0.0,0.5403973509933775,0.5403973509933775,542,542,,,True
RACE,25,9,55.98702015486165,55.98702015486168,0.0,0.0,0.4384105960264901,0.4384105960264901,542,542,0.29411764705882354,0.2941176470588235,True
SourceOnly,50,9,58.51449921287333,58.514499212873325,0.0,0.0,0.5364238410596026,0.5364238410596026,540,540,,,True
TargetOnly,50,9,12737.267601929623,12737.267601929663,0.0,0.0,0.0026490066225165563,0.0026490066225165,535,535,,,True
Pooled,50,9,39.669597370657556,39.66959737065753,0.0,0.0,0.8847682119205298,0.8847682119205298,542,542,,,True
RACE,50,9,33.45754415932476,33.457544159324755,0.0,0.0,0.8980132450331125,0.8980132450331125,542,542,0.45454545454545453,0.4545454545454545,True
SourceOnly,100,9,58.51449921287333,58.514499212873325,0.0,0.0,0.5364238410596026,0.5364238410596026,540,540,,,True
TargetOnly,100,9,14613.6050739846,14613.60507398462,0.0,0.0,0.0026490066225165563,0.0026490066225165,534,534,,,True
Pooled,100,9,39.0611320280857,39.06113202808558,0.0,0.0,0.8768211920529801,0.8768211920529801,542,542,,,True
RACE,100,9,38.22457066824322,38.224570668243246,0.0,0.0,0.8145695364238411,0.8145695364238411,542,542,0.625,0.625,True
SourceOnly,10,10,51.03482439502577,51.03482439502569,0.01,0.01,0.6119205298013245,0.6119205298013245,540,540,,,True
TargetOnly,10,10,24894.47513001421,24894.4751300142,0.0,0.0,0.28874172185430463,0.2887417218543046,528,528,,,True
Pooled,10,10,40.19766063349829,40.197660633498295,0.01,0.01,0.9178807947019868,0.9178807947019868,542,542,,,True
RACE,10,10,37.526829373817726,37.52682937381777,0.02,0.02,0.7178807947019867,0.7178807947019867,542,542,0.14285714285714285,0.1428571428571428,True
SourceOnly,25,10,51.03482439502577,51.03482439502569,0.01,0.01,0.6119205298013245,0.6119205298013245,540,540,,,True
TargetOnly,25,10,56.71410202483355,56.714102024833565,0.01,0.01,1.0,1.0,534,534,,,True
Pooled,25,10,37.053461860107724,37.05346186010766,0.01,0.01,0.9814569536423841,0.981456953642384,542,542,,,True
RACE,25,10,26.5885360519085,26.5885360519085,0.03,0.03,0.9986754966887417,0.9986754966887416,542,542,0.29411764705882354,0.2941176470588235,True
SourceOnly,50,10,51.03482439502577,51.03482439502569,0.01,0.01,0.6119205298013245,0.6119205298013245,540,540,,,True
TargetOnly,50,10,63.96650987734658,63.96650987734656,0.01,0.01,1.0,1.0,534,534,,,True
Pooled,50,10,33.537212238000436,33.53721223800043,0.03,0.03,0.9986754966887417,0.9986754966887416,542,542,,,True
RACE,50,10,26.75486366138028,26.754863661380284,0.03,0.03,1.0,1.0,542,542,0.45454545454545453,0.4545454545454545,True
SourceOnly,100,10,51.03482439502577,51.03482439502569,0.01,0.01,0.6119205298013245,0.6119205298013245,540,540,,,True
TargetOnly,100,10,70.1888151861204,70.18881518612032,0.01,0.01,1.0,1.0,534,534,,,True
Pooled,100,10,31.58075484117603,31.58075484117608,0.03,0.03,1.0,1.0,542,542,,,True
RACE,100,10,29.254182834001185,29.25418283400121,0.03,0.03,1.0,1.0,542,542,0.625,0.625,True
SourceOnly,10,11,43.99057039074653,43.99057039074639,0.03,0.03,0.7814569536423841,0.7814569536423841,540,540,,,True
TargetOnly,10,11,17642.441475491927,17642.441475491923,0.04,0.04,0.5814569536423841,0.5814569536423841,529,529,,,True
Pooled,10,11,40.32633685352581,40.326336853525774,0.04,0.04,0.9059602649006623,0.9059602649006624,542,542,,,True
RACE,10,11,37.87301819987917,37.87301819987921,0.03,0.03,0.7006622516556291,0.7006622516556291,542,542,0.14285714285714285,0.1428571428571428,True
SourceOnly,25,11,43.99057039074653,43.99057039074639,0.03,0.03,0.7814569536423841,0.7814569536423841,540,540,,,True
TargetOnly,25,11,19848.09067401646,19848.090674016465,0.03,0.03,0.6105960264900663,0.6105960264900663,531,531,,,True
Pooled,25,11,37.58183719218997,37.58183719218996,0.04,0.04,0.9708609271523179,0.970860927152318,542,542,,,True
RACE,25,11,32.033955015207795,32.03395501520779,0.02,0.02,0.8834437086092716,0.8834437086092716,542,542,0.29411764705882354,0.2941176470588235,True
SourceOnly,50,11,43.99057039074653,43.99057039074639,0.03,0.03,0.7814569536423841,0.7814569536423841,540,540,,,True
TargetOnly,50,11,106.90147903919247,106.90147903919257,0.01,0.01,1.0,1.0,534,534,,,True
Pooled,50,11,34.9703980325031,34.97039803250312,0.04,0.04,0.9933774834437086,0.9933774834437086,542,542,,,True
RACE,50,11,31.522919663601915,31.522919663601865,0.03,0.03,0.9841059602649007,0.9841059602649008,542,542,0.45454545454545453,0.4545454545454545,True
SourceOnly,100,11,43.99057039074653,43.99057039074639,0.03,0.03,0.7814569536423841,0.7814569536423841,540,540,,,True
TargetOnly,100,11,78.20404752182317,78.2040475218232,0.01,0.01,1.0,1.0,534,534,,,True
Pooled,100,11,33.59842646596563,33.59842646596552,0.05,0.05,0.9986754966887417,0.9986754966887416,542,542,,,True
RACE,100,11,32.549638643255726,32.549638643255726,0.04,0.04,0.9973509933774835,0.9973509933774836,542,542,0.625,0.625,True
SourceOnly,10,12,43.91186629127825,43.91186629127832,0.01,0.01,0.7827814569536424,0.7827814569536424,540,540,,,True
TargetOnly,10,12,24717.06986345061,24717.069863450582,0.01,0.01,0.5748344370860927,0.5748344370860927,529,529,,,True
Pooled,10,12,62.82470788395337,62.82470788395355,0.01,0.01,0.56158940397351,0.56158940397351,542,542,,,True
RACE,10,12,39.353282611187005,39.35328261118693,0.01,0.01,0.6940397350993377,0.6940397350993377,542,542,0.14285714285714285,0.1428571428571428,True
SourceOnly,25,12,43.91186629127825,43.91186629127832,0.01,0.01,0.7827814569536424,0.7827814569536424,540,540,,,True
TargetOnly,25,12,53.95430505084481,53.95430505084484,0.02,0.02,1.0,1.0,532,532,,,True
Pooled,25,12,48.33858499183505,48.33858499183485,0.01,0.01,0.6940397350993377,0.6940397350993377,542,542,,,True
RACE,25,12,29.97272732853539,29.97272732853538,0.03,0.03,0.9841059602649007,0.9841059602649008,542,542,0.29411764705882354,0.2941176470588235,True
SourceOnly,50,12,43.91186629127825,43.91186629127832,0.01,0.01,0.7827814569536424,0.7827814569536424,540,540,,,True
TargetOnly,50,12,61.266744214177734,61.266744214177706,0.02,0.02,1.0,1.0,533,533,,,True
Pooled,50,12,35.43992009127123,35.439920091271105,0.01,0.01,0.9920529801324504,0.9920529801324504,542,542,,,True
RACE,50,12,27.580815511632004,27.58081551163198,0.03,0.03,1.0,1.0,542,542,0.45454545454545453,0.4545454545454545,True
SourceOnly,100,12,43.91186629127825,43.91186629127832,0.01,0.01,0.7827814569536424,0.7827814569536424,540,540,,,True
TargetOnly,100,12,67.4633099788238,67.46330997882382,0.02,0.02,1.0,1.0,534,534,,,True
Pooled,100,12,32.15027947599395,32.150279475993884,0.03,0.03,1.0,1.0,542,542,,,True
RACE,100,12,28.75849336821732,28.75849336821732,0.03,0.03,1.0,1.0,542,542,0.625,0.625,True
SourceOnly,10,13,62.880289611075185,62.88028961107517,0.0,0.0,0.49933774834437084,0.4993377483443708,540,540,,,True
TargetOnly,10,13,63.20518864518739,63.20518864518722,0.0,0.0,1.0,1.0,528,528,,,True
Pooled,10,13,59.46049145954794,59.460491459548265,0.01,0.01,0.5165562913907285,0.5165562913907285,542,542,,,True
RACE,10,13,55.585406744616684,55.58540674461659,0.01,0.01,0.45165562913907287,0.4516556291390728,542,542,0.14285714285714285,0.1428571428571428,True
SourceOnly,25,13,62.880289611075185,62.88028961107517,0.0,0.0,0.49933774834437084,0.4993377483443708,540,540,,,True
TargetOnly,25,13,69.346188395928,69.34618839592801,0.0,0.0,1.0,1.0,529,529,,,True
Pooled,25,13,57.89692116471215,57.89692116471215,0.01,0.01,0.5298013245033113,0.5298013245033113,542,542,,,True
RACE,25,13,56.40868170971771,56.40868170971789,0.01,0.01,0.4291390728476821,0.4291390728476821,542,542,0.29411764705882354,0.2941176470588235,True
SourceOnly,50,13,62.880289611075185,62.88028961107517,0.0,0.0,0.49933774834437084,0.4993377483443708,540,540,,,True
TargetOnly,50,13,64.77523859458303,64.77523859458296,0.0,0.0,1.0,1.0,532,532,,,True
Pooled,50,13,57.802541550506334,57.80254155050638,0.01,0.01,0.5139072847682119,0.5139072847682119,542,542,,,True
RACE,50,13,60.56838450131998,60.568384501320025,0.01,0.01,0.40264900662251657,0.4026490066225165,542,542,0.45454545454545453,0.4545454545454545,True
SourceOnly,100,13,62.880289611075185,62.88028961107517,0.0,0.0,0.49933774834437084,0.4993377483443708,540,540,,,True
TargetOnly,100,13,41.75532769675189,41.75532769675191,0.0,0.0,1.0,1.0,533,533,,,True
Pooled,100,13,41.34245602217371,41.34245602217376,0.0,0.0,0.7748344370860927,0.7748344370860927,542,542,,,True
RACE,100,13,32.891363198871204,32.89136319887124,0.0,0.0,0.9894039735099338,0.9894039735099338,542,542,0.625,0.625,True
SourceOnly,10,14,62.880289611075185,62.88028961107517,0.0,0.0,0.49933774834437084,0.4993377483443708,540,540,,,True
TargetOnly,10,14,22539.233130593726,22539.23313059369,0.0,0.0,0.5576158940397351,0.5576158940397351,528,528,,,True
Pooled,10,14,60.844229842329256,60.84422984232929,0.0,0.0,0.5099337748344371,0.5099337748344371,542,542,,,True
RACE,10,14,53.92112528855593,53.92112528855597,0.0,0.0,0.4052980132450331,0.4052980132450331,542,542,0.14285714285714285,0.1428571428571428,True
SourceOnly,25,14,62.880289611075185,62.88028961107517,0.0,0.0,0.49933774834437084,0.4993377483443708,540,540,,,True
TargetOnly,25,14,23591.76566580769,23591.765665807656,0.0,0.0,0.42649006622516555,0.4264900662251655,532,532,,,True
Pooled,25,14,59.343984047273636,59.343984047273786,0.0,0.0,0.5086092715231788,0.5086092715231788,542,542,,,True
RACE,25,14,52.802174710419386,52.802174710419365,0.0,0.0,0.4,0.4,542,542,0.29411764705882354,0.2941176470588235,True
SourceOnly,50,14,62.880289611075185,62.88028961107517,0.0,0.0,0.49933774834437084,0.4993377483443708,540,540,,,True
TargetOnly,50,14,33.41419912289366,33.41419912289365,0.01,0.01,1.0,1.0,534,534,,,True
Pooled,50,14,42.09962862069828,42.09962862069824,0.0,0.0,0.7615894039735099,0.7615894039735099,542,542,,,True
RACE,50,14,30.250175640677085,30.25017564067708,0.01,0.01,0.9271523178807947,0.9271523178807948,542,542,0.45454545454545453,0.4545454545454545,True
SourceOnly,100,14,62.880289611075185,62.88028961107517,0.0,0.0,0.49933774834437084,0.4993377483443708,540,540,,,True
TargetOnly,100,14,37.361846921821034,37.36184692182102,0.01,0.01,1.0,1.0,534,534,,,True
Pooled,100,14,41.45490722662285,41.45490722662274,0.0,0.0,0.7735099337748345,0.7735099337748345,542,542,,,True
RACE,100,14,32.88029198995945,32.88029198995939,0.01,0.01,0.9894039735099338,0.9894039735099338,542,542,0.625,0.625,True
SourceOnly,10,15,62.880289611075185,62.88028961107517,0.0,0.0,0.49933774834437084,0.4993377483443708,540,540,,,True
TargetOnly,10,15,23840.531533776524,23840.53153377653,0.01,0.01,0.5695364238410596,0.5695364238410596,530,530,,,True
Pooled,10,15,66.27120792283195,66.27120792283203,0.04,0.04,0.5258278145695364,0.5258278145695364,542,542,,,True
RACE,10,15,56.36749025070987,56.36749025070996,0.0,0.0,0.46357615894039733,0.4635761589403973,542,542,0.14285714285714285,0.1428571428571428,True
SourceOnly,25,15,62.880289611075185,62.88028961107517,0.0,0.0,0.49933774834437084,0.4993377483443708,540,540,,,True
TargetOnly,25,15,42.00579005575099,42.00579005575098,0.03,0.03,1.0,1.0,533,533,,,True
Pooled,25,15,41.77331927320459,41.773319273204656,0.02,0.02,0.8264900662251655,0.8264900662251655,542,542,,,True
RACE,25,15,32.68998132482922,32.689981324829226,0.01,0.01,0.8993377483443709,0.8993377483443709,542,542,0.29411764705882354,0.2941176470588235,True
SourceOnly,50,15,62.880289611075185,62.88028961107517,0.0,0.0,0.49933774834437084,0.4993377483443708,540,540,,,True
TargetOnly,50,15,42.32289571695416,42.32289571695418,0.04,0.04,1.0,1.0,534,534,,,True
Pooled,50,15,41.23152566249698,41.231525662497006,0.0,0.0,0.8052980132450331,0.8052980132450331,542,542,,,True
RACE,50,15,33.200200459626814,33.2002004596268,0.02,0.02,0.9417218543046357,0.9417218543046356,542,542,0.45454545454545453,0.4545454545454545,True
SourceOnly,100,15,62.880289611075185,62.88028961107517,0.0,0.0,0.49933774834437084,0.4993377483443708,540,540,,,True
TargetOnly,100,15,39.42219774811854,39.42219774811851,0.04,0.04,1.0,1.0,535,535,,,True
Pooled,100,15,41.16414862285225,41.16414862285223,0.0,0.0,0.7894039735099337,0.7894039735099337,542,542,,,True
RACE,100,15,35.466419848028096,35.466419848028075,0.01,0.01,0.9629139072847682,0.9629139072847682,542,542,0.625,0.625,True
SourceOnly,10,16,61.968002022180706,61.96800202218071,0.01,0.01,0.5086092715231788,0.5086092715231788,540,540,,,True
TargetOnly,10,16,105.31650239268049,105.31650239268062,0.01,0.01,1.0,1.0,529,529,,,True
Pooled,10,16,63.01454515461108,63.01454515461107,0.0,0.0,0.5655629139072847,0.5655629139072847,542,542,,,True
RACE,10,16,56.58060713820168,56.58060713820168,0.01,0.01,0.45827814569536424,0.4582781456953642,542,542,0.14285714285714285,0.1428571428571428,True
SourceOnly,25,16,61.968002022180706,61.96800202218071,0.01,0.01,0.5086092715231788,0.5086092715231788,540,540,,,True
TargetOnly,25,16,104.2905612923554,104.29056129235516,0.01,0.01,1.0,1.0,533,533,,,True
Pooled,25,16,41.15247830801736,41.15247830801728,0.01,0.01,0.8490066225165563,0.8490066225165563,542,542,,,True
RACE,25,16,30.217259365748188,30.217259365748166,0.02,0.02,0.937748344370861,0.937748344370861,542,542,0.29411764705882354,0.2941176470588235,True
SourceOnly,50,16,61.968002022180706,61.96800202218071,0.01,0.01,0.5086092715231788,0.5086092715231788,540,540,,,True
TargetOnly,50,16,115.93507028204121,115.93507028204124,0.01,0.01,1.0,1.0,534,534,,,True
Pooled,50,16,40.730105816484375,40.730105816484354,0.01,0.01,0.8317880794701987,0.8317880794701987,542,542,,,True
RACE,50,16,30.885189709695318,30.88518970969534,0.02,0.02,0.9708609271523179,0.970860927152318,542,542,0.45454545454545453,0.4545454545454545,True
SourceOnly,100,16,61.968002022180706,61.96800202218071,0.01,0.01,0.5086092715231788,0.5086092715231788,540,540,,,True
TargetOnly,100,16,129.09812227377543,129.09812227377552,0.01,0.01,1.0,1.0,535,535,,,True
Pooled,100,16,40.66710543419002,40.667105434190056,0.01,0.01,0.8132450331125828,0.8132450331125828,542,542,,,True
RACE,100,16,33.84651751950864,33.84651751950865,0.02,0.02,0.9920529801324504,0.9920529801324504,542,542,0.625,0.625,True
SourceOnly,10,17,62.880289611075185,62.88028961107517,0.0,0.0,0.49933774834437084,0.4993377483443708,540,540,,,True
TargetOnly,10,17,38.859464216968604,38.85946421696862,0.03,0.03,1.0,1.0,529,529,,,True
Pooled,10,17,59.428574655558094,59.42857465555818,0.0,0.0,0.519205298013245,0.519205298013245,542,542,,,True
RACE,10,17,56.97260661221084,56.97260661221087,0.0,0.0,0.43443708609271525,0.4344370860927152,542,542,0.14285714285714285,0.1428571428571428,True
SourceOnly,25,17,62.880289611075185,62.88028961107517,0.0,0.0,0.49933774834437084,0.4993377483443708,540,540,,,True
TargetOnly,25,17,42.538457082164754,42.53845708216468,0.02,0.02,1.0,1.0,530,530,,,True
Pooled,25,17,58.06452554983143,58.06452554983165,0.01,0.01,0.5231788079470199,0.5231788079470199,542,542,,,True
RACE,25,17,55.28958929295816,55.289589292958105,0.01,0.01,0.40794701986754967,0.4079470198675496,542,542,0.29411764705882354,0.2941176470588235,True
SourceOnly,50,17,62.880289611075185,62.88028961107517,0.0,0.0,0.49933774834437084,0.4993377483443708,540,540,,,True
TargetOnly,50,17,35.47949453835724,35.479494538357244,0.03,0.03,1.0,1.0,532,532,,,True
Pooled,50,17,57.45126476781161,57.45126476781149,0.01,0.01,0.5258278145695364,0.5258278145695364,542,542,,,True
RACE,50,17,59.221344254243355,59.22134425424344,0.01,0.01,0.4013245033112583,0.4013245033112583,542,542,0.45454545454545453,0.4545454545454545,True
SourceOnly,100,17,62.880289611075185,62.88028961107517,0.0,0.0,0.49933774834437084,0.4993377483443708,540,540,,,True
TargetOnly,100,17,84.70725524903742,84.70725524903735,0.04,0.04,1.0,1.0,534,534,,,True
Pooled,100,17,44.481980960773456,44.48198096077351,0.01,0.01,0.6913907284768211,0.6913907284768211,543,543,,,True
RACE,100,17,37.93858218853599,37.93858218853605,0.0,0.0,0.8079470198675497,0.8079470198675497,543,543,0.625,0.625,True
SourceOnly,10,18,51.03482439502577,51.03482439502569,0.03,0.03,0.6119205298013245,0.6119205298013245,540,540,,,True
TargetOnly,10,18,19984.692260529155,19984.69226052916,0.01,0.01,0.5536423841059602,0.5536423841059602,530,530,,,True
Pooled,10,18,58.81745140228445,58.817451402284576,0.05,0.05,0.5973509933774834,0.5973509933774834,542,542,,,True
RACE,10,18,47.96790192569767,47.96790192569768,0.03,0.03,0.5417218543046357,0.5417218543046357,542,542,0.14285714285714285,0.1428571428571428,True
SourceOnly,25,18,51.03482439502577,51.03482439502569,0.03,0.03,0.6119205298013245,0.6119205298013245,540,540,,,True
TargetOnly,25,18,65.47213382779077,65.4721338277908,0.01,0.01,1.0,1.0,532,532,,,True
Pooled,25,18,46.919144332769896,46.919144332769896,0.03,0.03,0.6821192052980133,0.6821192052980133,542,542,,,True
RACE,25,18,46.0720647892994,46.072064789299446,0.03,0.03,0.5205298013245033,0.5205298013245033,542,542,0.29411764705882354,0.2941176470588235,True
SourceOnly,50,18,51.03482439502577,51.03482439502569,0.03,0.03,0.6119205298013245,0.6119205298013245,540,540,,,True
TargetOnly,50,18,64.60430945276067,64.60430945276072,0.01,0.01,1.0,1.0,532,532,,,True
Pooled,50,18,46.90555945582452,46.9055594558246,0.03,0.03,0.6609271523178808,0.6609271523178808,542,542,,,True
RACE,50,18,48.72690042410193,48.72690042410186,0.03,0.03,0.5099337748344371,0.5099337748344371,542,542,0.45454545454545453,0.4545454545454545,True
SourceOnly,100,18,51.03482439502577,51.03482439502569,0.03,0.03,0.6119205298013245,0.6119205298013245,540,540,,,True
TargetOnly,100,18,40.9171779014884,40.91717790148838,0.01,0.01,1.0,1.0,533,533,,,True
Pooled,100,18,46.464412235329725,46.46441223532968,0.03,0.03,0.6476821192052981,0.6476821192052981,542,542,,,True
RACE,100,18,53.845592179144475,53.84559217914437,0.03,0.03,0.48079470198675495,0.4807947019867549,542,542,0.625,0.625,True
SourceOnly,10,19,42.22916597679238,42.22916597679236,0.02,0.02,0.8543046357615894,0.8543046357615894,540,540,,,True
TargetOnly,10,19,17947.34272121338,17947.34272121338,0.0,0.0,0.14701986754966886,0.1470198675496688,527,527,,,True
Pooled,10,19,52.461037517359266,52.461037517359294,0.01,0.01,0.633112582781457,0.633112582781457,542,542,,,True
RACE,10,19,40.87708790415147,40.87708790415145,0.02,0.02,0.6516556291390728,0.6516556291390728,542,542,0.14285714285714285,0.1428571428571428,True
SourceOnly,25,19,42.22916597679238,42.22916597679236,0.02,0.02,0.8543046357615894,0.8543046357615894,540,540,,,True
TargetOnly,25,19,25734.868293622025,25734.868293622025,0.0,0.0,0.14701986754966886,0.1470198675496688,531,531,,,True
Pooled,25,19,41.30110085596701,41.30110085596704,0.02,0.02,0.8357615894039735,0.8357615894039735,542,542,,,True
RACE,25,19,35.6363979941241,35.6363979941241,0.02,0.02,0.7841059602649006,0.7841059602649006,542,542,0.29411764705882354,0.2941176470588235,True
SourceOnly,50,19,42.22916597679238,42.22916597679236,0.02,0.02,0.8543046357615894,0.8543046357615894,540,540,,,True
TargetOnly,50,19,11455.274555487798,11455.274555487802,0.0,0.0,0.0026490066225165563,0.0026490066225165,534,534,,,True
Pooled,50,19,39.60357495665285,39.60357495665277,0.02,0.02,0.8874172185430463,0.8874172185430463,542,542,,,True
RACE,50,19,34.03703094719914,34.03703094719916,0.02,0.02,0.856953642384106,0.856953642384106,542,542,0.45454545454545453,0.4545454545454545,True
SourceOnly,100,19,42.22916597679238,42.22916597679236,0.02,0.02,0.8543046357615894,0.8543046357615894,540,540,,,True
TargetOnly,100,19,14216.440258014956,14216.440258014998,0.0,0.0,0.0026490066225165563,0.0026490066225165,535,535,,,True
Pooled,100,19,37.366225751657666,37.36622575165771,0.0,0.0,0.9483443708609272,0.9483443708609272,542,542,,,True
RACE,100,19,38.50700285738843,38.507002857388414,0.0,0.0,0.7774834437086092,0.7774834437086092,542,542,0.625,0.625,True
