seed,commissioning_size,detector,threshold,representative_threshold_episode_id,all_threshold_episode_ids,threshold_tie_count,max_score,second_max_score,max_second_ratio,max_second_gap,semantic_context,false_positive_rate,recall,retained_features,target_weight,exploratory_cluster
0,10,SourceOnly,58.51449921287333,1775,1775,1,58.51449921287333,51.03482439502577,1.1465602146477962,7.47967481784756,UNAVAILABLE,0.0,0.5364238410596026,540,,1
0,10,TargetOnly,80.73736900172884,1962,1962,1,80.73736900172884,40.11212405534716,2.012792164541736,40.62524494638168,UNAVAILABLE,0.01,1.0,528,,0
0,10,Pooled,58.09883282854951,1775,1775,1,58.09883282854951,48.47745516844698,1.198471178544143,9.621377660102532,UNAVAILABLE,0.0,0.5350993377483444,542,,1
0,10,RACE,53.86848461985673,1775,1775,1,53.86848461985673,47.17333214148778,1.1419266389384592,6.6951524783689464,UNAVAILABLE,0.0,0.4728476821192053,542,0.14285714285714285,1
0,25,SourceOnly,58.51449921287333,1775,1775,1,58.51449921287333,51.03482439502577,1.1465602146477962,7.47967481784756,UNAVAILABLE,0.0,0.5364238410596026,540,,1
0,25,TargetOnly,77.98926576334554,1962,1962,1,77.98926576334554,41.38648540254581,1.884413837144726,36.602780360799734,UNAVAILABLE,0.01,1.0,531,,0
0,25,Pooled,56.41415922864847,1775,1775,1,56.41415922864847,48.01494286969229,1.174929216967951,8.399216358956181,UNAVAILABLE,0.0,0.5364238410596026,542,,1
0,25,RACE,54.52499296393688,1775,1775,1,54.52499296393688,45.05499933930272,1.2101874101321588,9.469993624634164,UNAVAILABLE,0.0,0.4278145695364238,542,0.29411764705882354,1
0,50,SourceOnly,58.51449921287333,1775,1775,1,58.51449921287333,51.03482439502577,1.1465602146477962,7.47967481784756,UNAVAILABLE,0.0,0.5364238410596026,540,,1
0,50,TargetOnly,84.48908421711731,1962,1962,1,84.48908421711731,38.2317182732123,2.209921186731385,46.25736594390501,UNAVAILABLE,0.01,1.0,532,,0
0,50,Pooled,56.280908934268616,1775,1775,1,56.280908934268616,47.21499852232896,1.192013357951334,9.065910411939655,UNAVAILABLE,0.0,0.5350993377483444,542,,1
0,50,RACE,58.968150207005976,1775,1775,1,58.968150207005976,47.92435922191448,1.2304421209671903,11.043790985091498,UNAVAILABLE,0.0,0.40264900662251657,542,0.45454545454545453,1
0,100,SourceOnly,58.51449921287333,1775,1775,1,58.51449921287333,51.03482439502577,1.1465602146477962,7.47967481784756,UNAVAILABLE,0.0,0.5364238410596026,540,,1
0,100,TargetOnly,81.51190521575606,1962,1962,1,81.51190521575606,41.11032523923452,1.9827599208084938,40.40157997652154,UNAVAILABLE,0.01,1.0,533,,0
0,100,Pooled,33.73018608905201,1775,1775,1,33.73018608905201,30.827762952979306,1.0941496514197182,2.9024231360727057,UNAVAILABLE,0.01,0.9973509933774835,542,,1
0,100,RACE,28.927892809695052,1962,1962,1,28.927892809695052,27.45144813179904,1.0537838539813038,1.476444677896012,UNAVAILABLE,0.01,1.0,542,0.625,0
1,10,SourceOnly,61.968002022180706,1771,1771,1,61.968002022180706,43.99057039074653,1.408665572456768,17.97743163143418,UNAVAILABLE,0.01,0.5086092715231788,540,,1
1,10,TargetOnly,21907.403165459964,1994,1994,1,21907.403165459964,21907.233516248736,1.0000077439815074,0.16964921122780652,UNAVAILABLE,0.01,0.5682119205298013,529,,0
1,10,Pooled,70.06045828275145,1742,1742,1,70.06045828275145,66.40605502825008,1.055031175288861,3.654403254501375,UNAVAILABLE,0.0,0.48079470198675495,542,,1
1,10,RACE,55.44140486144903,1771,1771,1,55.44140486144903,44.68553045255633,1.240701504490642,10.755874408892701,UNAVAILABLE,0.0,0.46622516556291393,542,0.14285714285714285,1
1,25,SourceOnly,61.968002022180706,1771,1771,1,61.968002022180706,43.99057039074653,1.408665572456768,17.97743163143418,UNAVAILABLE,0.01,0.5086092715231788,540,,1
1,25,TargetOnly,110.46657636534725,1840,1840,1,110.46657636534725,60.56220324287113,1.8240184545853761,49.90437312247612,UNAVAILABLE,0.0,1.0,529,,2
1,25,Pooled,58.980269167218346,1771,1771,1,58.980269167218346,50.410071167198076,1.170009638978588,8.57019800002027,UNAVAILABLE,0.0,0.5152317880794702,542,,1
1,25,RACE,56.912784649914755,1771,1771,1,56.912784649914755,35.573960063635155,1.5998439461929017,21.3388245862796,UNAVAILABLE,0.0,0.4052980132450331,542,0.29411764705882354,1
1,50,SourceOnly,61.968002022180706,1771,1771,1,61.968002022180706,43.99057039074653,1.408665572456768,17.97743163143418,UNAVAILABLE,0.01,0.5086092715231788,540,,1
1,50,TargetOnly,124.33353520412513,1840,1840,1,124.33353520412513,63.77297053826755,1.949627469987738,60.56056466585758,UNAVAILABLE,0.0,1.0,532,,2
1,50,Pooled,59.04034552608832,1771,1771,1,59.04034552608832,41.89357008502992,1.4092937270864285,17.146775441058402,UNAVAILABLE,0.0,0.5046357615894039,542,,1
1,50,RACE,61.24433651401399,1771,1771,1,61.24433651401399,34.411825296759716,1.7797468162719305,26.83251121725427,UNAVAILABLE,0.0,0.3973509933774834,542,0.45454545454545453,1
1,100,SourceOnly,61.968002022180706,1771,1771,1,61.968002022180706,43.99057039074653,1.408665572456768,17.97743163143418,UNAVAILABLE,0.01,0.5086092715231788,540,,1
1,100,TargetOnly,121.449331786729,1840,1840,1,121.449331786729,65.66615121464751,1.8494967276175382,55.78318057208149,UNAVAILABLE,0.0,1.0,533,,2
1,100,Pooled,59.03196236897907,1771,1771,1,59.03196236897907,37.17926045062818,1.5877659117875669,21.852701918350895,UNAVAILABLE,0.0,0.4966887417218543,542,,1
1,100,RACE,70.3697544587824,1771,1771,1,70.3697544587824,34.00675944525286,2.0692872713164556,36.362995013529535,UNAVAILABLE,0.0,0.3841059602649007,542,0.625,1
2,10,SourceOnly,51.03482439502577,1797,1797,1,51.03482439502577,41.57189177681542,1.2276281452144022,9.462932618210353,UNAVAILABLE,0.03,0.6119205298013245,540,,1
2,10,TargetOnly,41.72659273980858,1720,1720,1,41.72659273980858,40.15232814360766,1.039207305503443,1.5742645962009192,UNAVAILABLE,0.04,1.0,526,,1
2,10,Pooled,48.89361922869721,1742,1742,1,48.89361922869721,47.99128496372797,1.0188020442805652,0.902334264969241,UNAVAILABLE,0.03,0.671523178807947,542,,1
2,10,RACE,56.63101752159665,1797,1797,1,56.63101752159665,45.80019693650929,1.2364797819559952,10.83082058508736,UNAVAILABLE,0.02,0.495364238410596,542,0.14285714285714285,1
2,25,SourceOnly,51.03482439502577,1797,1797,1,51.03482439502577,41.57189177681542,1.2276281452144022,9.462932618210353,UNAVAILABLE,0.03,0.6119205298013245,540,,1
2,25,TargetOnly,21955.162094190793,1707,1707,1,21955.162094190793,21955.082359137123,1.0000036317355756,0.07973505367044709,UNAVAILABLE,0.02,0.5536423841059602,531,,2
2,25,Pooled,47.21091203914953,1797,1797,1,47.21091203914953,42.29242986475429,1.1162969871942545,4.918482174395237,UNAVAILABLE,0.03,0.6622516556291391,542,,1
2,25,RACE,46.21375274422592,1797,1797,1,46.21375274422592,35.555807850941314,1.2997525731370057,10.657944893284608,UNAVAILABLE,0.03,0.5139072847682119,542,0.29411764705882354,1
2,50,SourceOnly,51.03482439502577,1797,1797,1,51.03482439502577,41.57189177681542,1.2276281452144022,9.462932618210353,UNAVAILABLE,0.03,0.6119205298013245,540,,1
2,50,TargetOnly,52.66896978747002,1742,1742,1,52.66896978747002,39.304688753169124,1.340017475223572,13.364281034300895,UNAVAILABLE,0.03,1.0,531,,1
2,50,Pooled,46.672051474827114,1797,1797,1,46.672051474827114,39.80215077975914,1.172601242909757,6.869900695067976,UNAVAILABLE,0.03,0.6596026490066225,542,,1
2,50,RACE,48.46493887400819,1797,1797,1,48.46493887400819,35.48610134380057,1.3657442502478516,12.97883753020762,UNAVAILABLE,0.03,0.5099337748344371,542,0.45454545454545453,1
2,100,SourceOnly,51.03482439502577,1797,1797,1,51.03482439502577,41.57189177681542,1.2276281452144022,9.462932618210353,UNAVAILABLE,0.03,0.6119205298013245,540,,1
2,100,TargetOnly,47.05825962661042,1742,1742,1,47.05825962661042,44.05749421331453,1.0681102152284694,3.0007654132958947,UNAVAILABLE,0.03,1.0,532,,1
2,100,Pooled,46.83239044689495,1797,1797,1,46.83239044689495,36.68286686344348,1.2766829435996463,10.149523583451469,UNAVAILABLE,0.03,0.6423841059602649,542,,1
2,100,RACE,56.353141816085035,1797,1797,1,56.353141816085035,35.90802509514466,1.5693745803832828,20.445116720940376,UNAVAILABLE,0.03,0.49933774834437084,542,0.625,1
3,10,SourceOnly,62.880289611075185,1861,1861,1,62.880289611075185,42.008934249455876,1.4968313463436564,20.871355361619308,UNAVAILABLE,0.0,0.49933774834437084,540,,0
3,10,TargetOnly,21819.677200685735,1764,1764,1,21819.677200685735,21819.4454348914,1.0000106219837266,0.23176579433493316,UNAVAILABLE,0.0,0.46622516556291393,528,,0
3,10,Pooled,58.629983289546374,1861,1861,1,58.629983289546374,43.29776539575319,1.3541110667872256,15.332217893793185,UNAVAILABLE,0.01,0.5298013245033113,542,,0
3,10,RACE,58.78795672573337,1861,1861,1,58.78795672573337,36.807404511538756,1.5971774567072212,21.980552214194617,UNAVAILABLE,0.0,0.423841059602649,542,0.14285714285714285,0
3,25,SourceOnly,62.880289611075185,1861,1861,1,62.880289611075185,42.008934249455876,1.4968313463436564,20.871355361619308,UNAVAILABLE,0.0,0.49933774834437084,540,,0
3,25,TargetOnly,75.46479657928555,1962,1962,1,75.46479657928555,42.0016264480115,1.7967112933756,33.46317013127405,UNAVAILABLE,0.0,1.0,530,,0
3,25,Pooled,38.408018642606805,1801,1801,1,38.408018642606805,37.79404391103778,1.0162452775102404,0.6139747315690229,UNAVAILABLE,0.01,0.9602649006622517,542,,0
3,25,RACE,30.61890514144953,1861,1861,1,30.61890514144953,27.35002371205245,1.119520241145406,3.26888142939708,UNAVAILABLE,0.0,0.9562913907284768,542,0.29411764705882354,0
3,50,SourceOnly,62.880289611075185,1861,1861,1,62.880289611075185,42.008934249455876,1.4968313463436564,20.871355361619308,UNAVAILABLE,0.0,0.49933774834437084,540,,0
3,50,TargetOnly,76.54215649804942,1962,1962,1,76.54215649804942,38.508314967172446,1.987678675717181,38.03384153087698,UNAVAILABLE,0.0,1.0,532,,0
3,50,Pooled,37.27369898404782,1861,1861,1,37.27369898404782,33.08484598267759,1.1266094151855326,4.1888530013702265,UNAVAILABLE,0.01,0.9721854304635762,542,,0
3,50,RACE,29.726302730686147,1861,1861,1,29.726302730686147,26.42240113858018,1.1250416862107901,3.303901592105966,UNAVAILABLE,0.0,0.9960264900662251,542,0.45454545454545453,0
3,100,SourceOnly,62.880289611075185,1861,1861,1,62.880289611075185,42.008934249455876,1.4968313463436564,20.871355361619308,UNAVAILABLE,0.0,0.49933774834437084,540,,0
3,100,TargetOnly,45.89544587524323,1962,1962,1,45.89544587524323,37.38124228112976,1.2277667373941579,8.514203594113475,UNAVAILABLE,0.0,1.0,533,,0
3,100,Pooled,37.07565376074965,1861,1861,1,37.07565376074965,29.98000295567261,1.236679456488661,7.095650805077042,UNAVAILABLE,0.0,0.9536423841059603,542,,0
3,100,RACE,30.25952845725512,1861,1861,1,30.25952845725512,27.412944199250653,1.1038408803269764,2.846584258004466,UNAVAILABLE,0.0,0.9973509933774835,542,0.625,0
4,10,SourceOnly,62.880289611075185,1861,1861,1,62.880289611075185,51.03482439502577,1.2321055349257546,11.845465216049412,UNAVAILABLE,0.0,0.49933774834437084,540,,0
4,10,TargetOnly,7757.186576804112,1710,1710,1,7757.186576804112,56.64658055117843,136.94006772034075,7700.539996252934,UNAVAILABLE,0.0,0.0026490066225165563,522,,2
4,10,Pooled,58.562493938508936,1861,1861,1,58.562493938508936,49.04588606505632,1.1940347832808937,9.516607873452614,UNAVAILABLE,0.01,0.5350993377483444,542,,0
4,10,RACE,67.94557152935405,1861,1861,1,67.94557152935405,58.98305768735088,1.1519506480913624,8.962513842003176,UNAVAILABLE,0.0,0.40794701986754967,542,0.14285714285714285,0
4,25,SourceOnly,62.880289611075185,1861,1861,1,62.880289611075185,51.03482439502577,1.2321055349257546,11.845465216049412,UNAVAILABLE,0.0,0.49933774834437084,540,,0
4,25,TargetOnly,30071.060054414866,1710,1710,1,30071.060054414866,28772.870227573247,1.045118537586756,1298.189826841619,UNAVAILABLE,0.0,0.14701986754966886,530,,2
4,25,Pooled,58.115737553109085,1861,1861,1,58.115737553109085,47.491706829301464,1.2237028616805323,10.624030723807621,UNAVAILABLE,0.01,0.5258278145695364,542,,0
4,25,RACE,56.33322998472104,1861,1861,1,56.33322998472104,45.64304568655838,1.2342127729944816,10.690184298162656,UNAVAILABLE,0.0,0.40794701986754967,542,0.29411764705882354,0
4,50,SourceOnly,62.880289611075185,1861,1861,1,62.880289611075185,51.03482439502577,1.2321055349257546,11.845465216049412,UNAVAILABLE,0.0,0.49933774834437084,540,,0
4,50,TargetOnly,9665.488460471875,1710,1710,1,9665.488460471875,38.02396281620994,254.19466422240967,9627.464497655665,UNAVAILABLE,0.0,0.0026490066225165563,531,,2
4,50,Pooled,57.83889487509232,1861,1861,1,57.83889487509232,46.90377805404839,1.233139360510429,10.935116821043934,UNAVAILABLE,0.01,0.519205298013245,542,,0
4,50,RACE,59.5765088605884,1861,1861,1,59.5765088605884,47.25121825788673,1.2608459857147587,12.32529060270167,UNAVAILABLE,0.01,0.39470198675496687,542,0.45454545454545453,0
4,100,SourceOnly,62.880289611075185,1861,1861,1,62.880289611075185,51.03482439502577,1.2321055349257546,11.845465216049412,UNAVAILABLE,0.0,0.49933774834437084,540,,0
4,100,TargetOnly,12343.828210714355,1710,1710,1,12343.828210714355,39.119703879401776,315.5399194423329,12304.708506834953,UNAVAILABLE,0.0,0.0026490066225165563,534,,2
4,100,Pooled,41.23655081006462,1861,1861,1,41.23655081006462,35.845065360349594,1.1504108137484073,5.391485449715027,UNAVAILABLE,0.0,0.7880794701986755,542,,0
4,100,RACE,37.89293302029997,1710,1710,1,37.89293302029997,33.41810380776711,1.133904342337126,4.47482921253286,UNAVAILABLE,0.0,0.8092715231788079,542,0.625,2
5,10,SourceOnly,61.968002022180706,1771,1771,1,61.968002022180706,51.03482439502577,1.2142297491322525,10.933177627154933,UNAVAILABLE,0.01,0.5086092715231788,540,,1
5,10,TargetOnly,44.455354882466736,1909,1909,1,44.455354882466736,44.14004311584806,1.0071434403856636,0.3153117666186773,UNAVAILABLE,0.02,1.0,527,,0
5,10,Pooled,61.698007986815036,1742,1742,1,61.698007986815036,61.384697595744356,1.00510404715413,0.3133103910706794,UNAVAILABLE,0.0,0.5655629139072847,542,,1
5,10,RACE,56.973473813169555,1771,1771,1,56.973473813169555,48.14713768913139,1.1833200590453916,8.826336124038164,UNAVAILABLE,0.01,0.4596026490066225,542,0.14285714285714285,1
5,25,SourceOnly,61.968002022180706,1771,1771,1,61.968002022180706,51.03482439502577,1.2142297491322525,10.933177627154933,UNAVAILABLE,0.01,0.5086092715231788,540,,1
5,25,TargetOnly,43.022925947571956,1954,1954,1,43.022925947571956,41.440631657532876,1.0381821952694936,1.58229429003908,UNAVAILABLE,0.02,1.0,533,,0
5,25,Pooled,60.4414891207048,1771,1771,1,60.4414891207048,47.577311792148016,1.2703847032122535,12.864177328556785,UNAVAILABLE,0.0,0.5046357615894039,542,,1
5,25,RACE,58.536569454389316,1771,1771,1,58.536569454389316,46.23878870784433,1.2659624330612858,12.297780746544987,UNAVAILABLE,0.0,0.42119205298013246,542,0.29411764705882354,1
5,50,SourceOnly,61.968002022180706,1771,1771,1,61.968002022180706,51.03482439502577,1.2142297491322525,10.933177627154933,UNAVAILABLE,0.01,0.5086092715231788,540,,1
5,50,TargetOnly,45.80451858911601,1742,1742,1,45.80451858911601,37.34992622885349,1.2263616883326316,8.454592360262517,UNAVAILABLE,0.02,1.0,533,,1
5,50,Pooled,59.26193693137501,1771,1771,1,59.26193693137501,47.31108918095405,1.2526014081965375,11.950847750420962,UNAVAILABLE,0.0,0.5046357615894039,542,,1
5,50,RACE,62.08821290802667,1771,1771,1,62.08821290802667,48.7068491150422,1.2747326923443274,13.381363792984466,UNAVAILABLE,0.0,0.3973509933774834,542,0.45454545454545453,1
5,100,SourceOnly,61.968002022180706,1771,1771,1,61.968002022180706,51.03482439502577,1.2142297491322525,10.933177627154933,UNAVAILABLE,0.01,0.5086092715231788,540,,1
5,100,TargetOnly,38.548523960844015,1742,1742,1,38.548523960844015,38.207171534644225,1.0089342501025043,0.34135242619979067,UNAVAILABLE,0.03,1.0,534,,1
5,100,Pooled,59.52825130681834,1771,1771,1,59.52825130681834,46.78497267606868,1.2723797386605735,12.743278630749657,UNAVAILABLE,0.0,0.4900662251655629,542,,1
5,100,RACE,71.14837929228646,1771,1771,1,71.14837929228646,54.76853797427523,1.2990739195138792,16.37984131801123,UNAVAILABLE,0.0,0.3801324503311258,542,0.625,1
6,10,SourceOnly,62.880289611075185,1861,1861,1,62.880289611075185,51.03482439502577,1.2321055349257546,11.845465216049412,UNAVAILABLE,0.0,0.49933774834437084,540,,0
6,10,TargetOnly,33600.42111477898,1706,1706,1,33600.42111477898,33599.61584621949,1.000023966600189,0.8052685594957438,UNAVAILABLE,0.0,0.3562913907284768,526,,0
6,10,Pooled,58.4560133088282,1861,1861,1,58.4560133088282,56.796388384163315,1.0292206066596945,1.6596249246648824,UNAVAILABLE,0.01,0.6039735099337749,542,,0
6,10,RACE,61.45437434908847,1861,1861,1,61.45437434908847,51.639402618350324,1.1900674917422522,9.814971730738144,UNAVAILABLE,0.0,0.423841059602649,542,0.14285714285714285,0
6,25,SourceOnly,62.880289611075185,1861,1861,1,62.880289611075185,51.03482439502577,1.2321055349257546,11.845465216049412,UNAVAILABLE,0.0,0.49933774834437084,540,,0
6,25,TargetOnly,23591.761591985545,1704,1704,1,23591.761591985545,23591.486941848663,1.0000116419171694,0.2746501368819736,UNAVAILABLE,0.01,0.2370860927152318,530,,2
6,25,Pooled,57.99485889367729,1861,1861,1,57.99485889367729,47.20547029966981,1.228562251906702,10.789388594007477,UNAVAILABLE,0.0,0.5258278145695364,542,,0
6,25,RACE,58.43706521047938,1861,1861,1,58.43706521047938,47.77177247720591,1.2232551186657847,10.665292733273475,UNAVAILABLE,0.0,0.4357615894039735,542,0.29411764705882354,0
6,50,SourceOnly,62.880289611075185,1861,1861,1,62.880289611075185,51.03482439502577,1.2321055349257546,11.845465216049412,UNAVAILABLE,0.0,0.49933774834437084,540,,0
6,50,TargetOnly,67.28285286922178,1962,1962,1,67.28285286922178,40.21861067378463,1.672928322038688,27.064242195437153,UNAVAILABLE,0.01,1.0,533,,0
6,50,Pooled,41.397396762836465,1861,1861,1,41.397396762836465,35.040228899615016,1.1814248383317865,6.357167863221449,UNAVAILABLE,0.0,0.7973509933774835,542,,0
6,50,RACE,32.65497236524381,1861,1861,1,32.65497236524381,28.027343384449928,1.1651112243253625,4.6276289807938795,UNAVAILABLE,0.02,0.9576158940397351,542,0.45454545454545453,0
6,100,SourceOnly,62.880289611075185,1861,1861,1,62.880289611075185,51.03482439502577,1.2321055349257546,11.845465216049412,UNAVAILABLE,0.0,0.49933774834437084,540,,0
6,100,TargetOnly,40.67927523929676,1962,1962,1,40.67927523929676,40.44804907848676,1.005716620852623,0.23122616080999592,UNAVAILABLE,0.01,1.0,533,,0
6,100,Pooled,41.07561984040109,1861,1861,1,41.07561984040109,34.24150189912442,1.1995858114346152,6.834117941276666,UNAVAILABLE,0.0,0.7827814569536424,542,,0
6,100,RACE,33.73226623114711,1861,1861,1,33.73226623114711,27.651919474404924,1.219888777065558,6.080346756742184,UNAVAILABLE,0.01,0.990728476821192,542,0.625,0
7,10,SourceOnly,62.880289611075185,1861,1861,1,62.880289611075185,43.91186629127825,1.4319657742163518,18.968423319796933,UNAVAILABLE,0.0,0.49933774834437084,540,,0
7,10,TargetOnly,31895.37563273178,2019,2019,1,31895.37563273178,31893.67601199091,1.0000532902115213,1.6996207408701594,UNAVAILABLE,0.0,0.4119205298013245,527,,2
7,10,Pooled,59.38857144410209,1861,1861,1,59.38857144410209,44.73927490512359,1.32743705770924,14.649296538978504,UNAVAILABLE,0.01,0.5165562913907285,542,,0
7,10,RACE,57.37636391176093,1861,1861,1,57.37636391176093,34.122303062595094,1.6814915396099674,23.25406084916584,UNAVAILABLE,0.0,0.4463576158940397,542,0.14285714285714285,0
7,25,SourceOnly,62.880289611075185,1861,1861,1,62.880289611075185,43.91186629127825,1.4319657742163518,18.968423319796933,UNAVAILABLE,0.0,0.49933774834437084,540,,0
7,25,TargetOnly,28437.743511670902,2010,2010,1,28437.743511670902,28437.213659957277,1.0000186323357823,0.5298517136252485,UNAVAILABLE,0.0,0.5417218543046357,529,,2
7,25,Pooled,58.10917144474538,1861,1861,1,58.10917144474538,37.09395485708252,1.5665401995724466,21.015216587662856,UNAVAILABLE,0.01,0.5152317880794702,542,,0
7,25,RACE,55.74634636492877,1861,1861,1,55.74634636492877,28.22487849743218,1.9750783469271769,27.52146786749659,UNAVAILABLE,0.01,0.41721854304635764,542,0.29411764705882354,0
7,50,SourceOnly,62.880289611075185,1861,1861,1,62.880289611075185,43.91186629127825,1.4319657742163518,18.968423319796933,UNAVAILABLE,0.0,0.49933774834437084,540,,0
7,50,TargetOnly,39.259689198079684,1901,1901,1,39.259689198079684,36.55117786558763,1.074101889204563,2.7085113324920513,UNAVAILABLE,0.01,1.0,531,,2
7,50,Pooled,57.879892962600245,1861,1861,1,57.879892962600245,33.05013667646499,1.7512754494542389,24.829756286135257,UNAVAILABLE,0.01,0.5165562913907285,542,,0
7,50,RACE,60.70266743336043,1861,1861,1,60.70266743336043,28.22837519227159,2.15041308682831,32.47429224108885,UNAVAILABLE,0.01,0.40264900662251657,542,0.45454545454545453,0
7,100,SourceOnly,62.880289611075185,1861,1861,1,62.880289611075185,43.91186629127825,1.4319657742163518,18.968423319796933,UNAVAILABLE,0.0,0.49933774834437084,540,,0
7,100,TargetOnly,39.988171903460334,1899,1899,1,39.988171903460334,39.01687141287095,1.024894371471029,0.9713004905893854,UNAVAILABLE,0.01,1.0,532,,1
7,100,Pooled,58.26247916922068,1861,1861,1,58.26247916922068,31.6924923433238,1.838368486077555,26.569986825896883,UNAVAILABLE,0.01,0.5086092715231788,542,,0
7,100,RACE,71.04171563316953,1861,1861,1,71.04171563316953,28.739123519557573,2.4719513656992413,42.30259211361196,UNAVAILABLE,0.01,0.38675496688741723,542,0.625,0
8,10,SourceOnly,43.99057039074653,1840,1840,1,43.99057039074653,42.263051438810045,1.040875395720956,1.7275189519364815,UNAVAILABLE,0.02,0.7814569536423841,540,,2
8,10,TargetOnly,127.4501456452259,1840,1840,1,127.4501456452259,77.9417805935585,1.6351967413964752,49.5083650516674,UNAVAILABLE,0.02,1.0,527,,2
8,10,Pooled,57.217226985015586,1871,1871,1,57.217226985015586,56.693983062277205,1.0092292672780392,0.5232439227383807,UNAVAILABLE,0.01,0.5933774834437087,542,,2
8,10,RACE,37.38728376789839,1871,1871,1,37.38728376789839,37.153473939155006,1.006293081210287,0.2338098287433823,UNAVAILABLE,0.02,0.7350993377483444,542,0.14285714285714285,2
8,25,SourceOnly,43.99057039074653,1840,1840,1,43.99057039074653,42.263051438810045,1.040875395720956,1.7275189519364815,UNAVAILABLE,0.02,0.7814569536423841,540,,2
8,25,TargetOnly,126.3017640831791,1840,1840,1,126.3017640831791,34.207013760141216,3.692276822782723,92.09475032303789,UNAVAILABLE,0.01,1.0,532,,2
8,25,Pooled,43.112728104243686,1871,1871,1,43.112728104243686,42.29245559487691,1.0193952443249983,0.8202725093667738,UNAVAILABLE,0.02,0.7920529801324503,542,,2
8,25,RACE,31.020036548942958,1840,1840,1,31.020036548942958,29.006631853110942,1.069411874706028,2.0134046958320155,UNAVAILABLE,0.04,0.9602649006622517,542,0.29411764705882354,2
8,50,SourceOnly,43.99057039074653,1840,1840,1,43.99057039074653,42.263051438810045,1.040875395720956,1.7275189519364815,UNAVAILABLE,0.02,0.7814569536423841,540,,2
8,50,TargetOnly,139.8900108166881,1840,1840,1,139.8900108166881,38.184305410090715,3.66354734790384,101.70570540659737,UNAVAILABLE,0.01,1.0,532,,2
8,50,Pooled,34.24512331385952,1840,1840,1,34.24512331385952,33.24231526145699,1.0301666127799842,1.0028080524025356,UNAVAILABLE,0.04,0.9973509933774835,542,,2
8,50,RACE,31.65955672114585,1840,1840,1,31.65955672114585,27.298989652254956,1.1597336430555665,4.360567068890894,UNAVAILABLE,0.02,0.9920529801324504,542,0.45454545454545453,2
8,100,SourceOnly,43.99057039074653,1840,1840,1,43.99057039074653,42.263051438810045,1.040875395720956,1.7275189519364815,UNAVAILABLE,0.02,0.7814569536423841,540,,2
8,100,TargetOnly,145.3233279484847,1840,1840,1,145.3233279484847,43.11489415359303,3.370606162937176,102.20843379489166,UNAVAILABLE,0.01,1.0,533,,2
8,100,Pooled,33.70361628007395,1840,1840,1,33.70361628007395,30.272326021823364,1.1133474268140797,3.4312902582505878,UNAVAILABLE,0.04,0.9986754966887417,542,,2
8,100,RACE,34.00910501738656,1840,1840,1,34.00910501738656,28.412071586137507,1.1969949081072953,5.597033431249052,UNAVAILABLE,0.02,0.9973509933774835,542,0.625,2
9,10,SourceOnly,58.51449921287333,1775,1775,1,58.51449921287333,43.91186629127825,1.3325441197313777,14.602632921595081,UNAVAILABLE,0.0,0.5364238410596026,540,,1
9,10,TargetOnly,6755.918367536556,1710,1710,1,6755.918367536556,43.29069798218805,156.0593541438458,6712.6276695543675,UNAVAILABLE,0.0,0.0026490066225165563,529,,2
9,10,Pooled,57.862094920526864,1775,1775,1,57.862094920526864,46.38289399114457,1.2474878115965318,11.479200929382294,UNAVAILABLE,0.0,0.552317880794702,542,,1
9,10,RACE,54.38395778132277,1775,1775,1,54.38395778132277,33.69114937840706,1.6141912278058967,20.69280840291571,UNAVAILABLE,0.0,0.47152317880794703,542,0.14285714285714285,1
9,25,SourceOnly,58.51449921287333,1775,1775,1,58.51449921287333,43.91186629127825,1.3325441197313777,14.602632921595081,UNAVAILABLE,0.0,0.5364238410596026,540,,1
9,25,TargetOnly,9595.408741905838,1710,1710,1,9595.408741905838,38.61963804970183,248.45931309757373,9556.789103856136,UNAVAILABLE,0.0,0.0026490066225165563,532,,2
9,25,Pooled,56.969891682176446,1775,1775,1,56.969891682176446,40.78368216051618,1.3968795524139943,16.186209521660267,UNAVAILABLE,0.0,0.5403973509933775,542,,1
9,25,RACE,55.98702015486165,1775,1775,1,55.98702015486165,32.21046957802162,1.7381621841695731,23.77655057684003,UNAVAILABLE,0.0,0.4384105960264901,542,0.29411764705882354,1
9,50,SourceOnly,58.51449921287333,1775,1775,1,58.51449921287333,43.91186629127825,1.3325441197313777,14.602632921595081,UNAVAILABLE,0.0,0.5364238410596026,540,,1
9,50,TargetOnly,12737.267601929623,1710,1710,1,12737.267601929623,36.387505234453336,350.04509157361525,12700.88009669517,UNAVAILABLE,0.0,0.0026490066225165563,535,,2
9,50,Pooled,39.669597370657556,1775,1775,1,39.669597370657556,34.64009074920642,1.1451932287898627,5.029506621451134,UNAVAILABLE,0.0,0.8847682119205298,542,,1
9,50,RACE,33.45754415932476,1710,1710,1,33.45754415932476,31.116406395261706,1.0752380507673134,2.341137764063056,UNAVAILABLE,0.0,0.8980132450331125,542,0.45454545454545453,2
9,100,SourceOnly,58.51449921287333,1775,1775,1,58.51449921287333,43.91186629127825,1.3325441197313777,14.602632921595081,UNAVAILABLE,0.0,0.5364238410596026,540,,1
9,100,TargetOnly,14613.6050739846,1710,1710,1,14613.6050739846,39.01740223035215,374.54069821738375,14574.587671754247,UNAVAILABLE,0.0,0.0026490066225165563,534,,2
9,100,Pooled,39.0611320280857,1775,1775,1,39.0611320280857,34.67124348986756,1.1266146839960056,4.389888538218145,UNAVAILABLE,0.0,0.8768211920529801,542,,1
9,100,RACE,38.22457066824322,1710,1710,1,38.22457066824322,33.47110231286445,1.142017084198383,4.753468355378764,UNAVAILABLE,0.0,0.8145695364238411,542,0.625,2
10,10,SourceOnly,51.03482439502577,1797,1797,1,51.03482439502577,42.008934249455876,1.214856442012375,9.025890145569896,UNAVAILABLE,0.01,0.6119205298013245,540,,1
10,10,TargetOnly,24894.47513001421,1704,1704,1,24894.47513001421,24893.64658717127,1.0000332833054424,0.8285428429371677,UNAVAILABLE,0.0,0.28874172185430463,528,,2
10,10,Pooled,40.19766063349829,1871,1871,1,40.19766063349829,39.671960302489396,1.0132511811113076,0.5257003310088919,UNAVAILABLE,0.01,0.9178807947019868,542,,2
10,10,RACE,37.526829373817726,1797,1797,1,37.526829373817726,35.70707743888953,1.0509633401961445,1.819751934928199,UNAVAILABLE,0.02,0.7178807947019867,542,0.14285714285714285,1
10,25,SourceOnly,51.03482439502577,1797,1797,1,51.03482439502577,42.008934249455876,1.214856442012375,9.025890145569896,UNAVAILABLE,0.01,0.6119205298013245,540,,1
10,25,TargetOnly,56.71410202483355,1962,1962,1,56.71410202483355,35.73411890309552,1.5871134860952345,20.97998312173803,UNAVAILABLE,0.01,1.0,534,,0
10,25,Pooled,37.053461860107724,1871,1871,1,37.053461860107724,36.5704791633591,1.013206900970347,0.48298269674862127,UNAVAILABLE,0.01,0.9814569536423841,542,,2
10,25,RACE,26.5885360519085,1962,1962,1,26.5885360519085,26.517225439988486,1.0026892184509044,0.07131061192001198,UNAVAILABLE,0.03,0.9986754966887417,542,0.29411764705882354,0
10,50,SourceOnly,51.03482439502577,1797,1797,1,51.03482439502577,42.008934249455876,1.214856442012375,9.025890145569896,UNAVAILABLE,0.01,0.6119205298013245,540,,1
10,50,TargetOnly,63.96650987734658,1962,1962,1,63.96650987734658,37.648401195427304,1.6990498360157673,26.318108681919277,UNAVAILABLE,0.01,1.0,534,,0
10,50,Pooled,33.537212238000436,1871,1871,1,33.537212238000436,33.493180489369095,1.0013146481757775,0.044031748631340406,UNAVAILABLE,0.03,0.9986754966887417,542,,2
10,50,RACE,26.75486366138028,1962,1962,1,26.75486366138028,26.21306710097345,1.0206689495097927,0.54179656040683,UNAVAILABLE,0.03,1.0,542,0.45454545454545453,0
10,100,SourceOnly,51.03482439502577,1797,1797,1,51.03482439502577,42.008934249455876,1.214856442012375,9.025890145569896,UNAVAILABLE,0.01,0.6119205298013245,540,,1
10,100,TargetOnly,70.1888151861204,1962,1962,1,70.1888151861204,38.78665068444887,1.8096126875492735,31.40216450167152,UNAVAILABLE,0.01,1.0,534,,0
10,100,Pooled,31.58075484117603,1797,1797,1,31.58075484117603,30.395924529366862,1.0389799070156411,1.1848303118091685,UNAVAILABLE,0.03,1.0,542,,1
10,100,RACE,29.254182834001185,1962,1962,1,29.254182834001185,27.329704650698435,1.070417086752292,1.9244781833027496,UNAVAILABLE,0.03,1.0,542,0.625,0
11,10,SourceOnly,43.99057039074653,1840,1840,1,43.99057039074653,41.54808853259172,1.0587868646770318,2.4424818581548067,UNAVAILABLE,0.03,0.7814569536423841,540,,2
11,10,TargetOnly,17642.441475491927,1721,1721,1,17642.441475491927,17642.38059113631,1.0000034510283522,0.06088435561832739,UNAVAILABLE,0.04,0.5814569536423841,529,,0
11,10,Pooled,40.32633685352581,1763,1763,1,40.32633685352581,39.879102564042974,1.0112147531094666,0.44723428948283583,UNAVAILABLE,0.04,0.9059602649006623,542,,1
11,10,RACE,37.87301819987917,1840,1840,1,37.87301819987917,33.65491241027509,1.1253340296412795,4.218105789604081,UNAVAILABLE,0.03,0.7006622516556291,542,0.14285714285714285,2
11,25,SourceOnly,43.99057039074653,1840,1840,1,43.99057039074653,41.54808853259172,1.0587868646770318,2.4424818581548067,UNAVAILABLE,0.03,0.7814569536423841,540,,2
11,25,TargetOnly,19848.09067401646,1704,1704,1,19848.09067401646,19847.883444935032,1.000010440865496,0.20722908142852248,UNAVAILABLE,0.03,0.6105960264900663,531,,2
11,25,Pooled,37.58183719218997,1763,1763,1,37.58183719218997,37.05512428637655,1.0142143068187488,0.5267129058134259,UNAVAILABLE,0.04,0.9708609271523179,542,,1
11,25,RACE,32.033955015207795,1840,1840,1,32.033955015207795,27.590740527900884,1.1610400591754233,4.443214487306911,UNAVAILABLE,0.02,0.8834437086092716,542,0.29411764705882354,2
11,50,SourceOnly,43.99057039074653,1840,1840,1,43.99057039074653,41.54808853259172,1.0587868646770318,2.4424818581548067,UNAVAILABLE,0.03,0.7814569536423841,540,,2
11,50,TargetOnly,106.90147903919247,1840,1840,1,106.90147903919247,38.34976148928173,2.7875396061868614,68.55171754991073,UNAVAILABLE,0.01,1.0,534,,2
11,50,Pooled,34.9703980325031,1840,1840,1,34.9703980325031,32.88475722934917,1.06342272161561,2.085640803153929,UNAVAILABLE,0.04,0.9933774834437086,542,,2
11,50,RACE,31.522919663601915,1840,1840,1,31.522919663601915,26.281271129057863,1.19944425476242,5.241648534544051,UNAVAILABLE,0.03,0.9841059602649007,542,0.45454545454545453,2
11,100,SourceOnly,43.99057039074653,1840,1840,1,43.99057039074653,41.54808853259172,1.0587868646770318,2.4424818581548067,UNAVAILABLE,0.03,0.7814569536423841,540,,2
11,100,TargetOnly,78.20404752182317,1840,1840,1,78.20404752182317,40.711246533420216,1.9209445590820902,37.492800988402955,UNAVAILABLE,0.01,1.0,534,,2
11,100,Pooled,33.59842646596563,1840,1840,1,33.59842646596563,30.644696283402865,1.0963863421992046,2.953730182562765,UNAVAILABLE,0.05,0.9986754966887417,542,,2
11,100,RACE,32.549638643255726,1840,1840,1,32.549638643255726,27.075427398100384,1.2021837426484878,5.474211245155342,UNAVAILABLE,0.04,0.9973509933774835,542,0.625,2
12,10,SourceOnly,43.91186629127825,1901,1901,1,43.91186629127825,42.263051438810045,1.039013152063935,1.648814852468206,UNAVAILABLE,0.01,0.7827814569536424,540,,2
12,10,TargetOnly,24717.06986345061,1885,1885,1,24717.06986345061,24716.55086013063,1.0000209982097794,0.5190033199833124,UNAVAILABLE,0.01,0.5748344370860927,529,,1
12,10,Pooled,62.82470788395337,1763,1763,1,62.82470788395337,61.5508793126711,1.0206955381548877,1.273828571282273,UNAVAILABLE,0.01,0.56158940397351,542,,1
12,10,RACE,39.353282611187005,1763,1763,1,39.353282611187005,38.015819616484585,1.0351817482352126,1.3374629947024204,UNAVAILABLE,0.01,0.6940397350993377,542,0.14285714285714285,1
12,25,SourceOnly,43.91186629127825,1901,1901,1,43.91186629127825,42.263051438810045,1.039013152063935,1.648814852468206,UNAVAILABLE,0.01,0.7827814569536424,540,,2
12,25,TargetOnly,53.95430505084481,1962,1962,1,53.95430505084481,42.191949228944196,1.2787819960171807,11.762355821900613,UNAVAILABLE,0.02,1.0,532,,0
12,25,Pooled,48.33858499183505,1763,1763,1,48.33858499183505,46.93665748327584,1.0298684990310343,1.4019275085592113,UNAVAILABLE,0.01,0.6940397350993377,542,,1
12,25,RACE,29.97272732853539,1763,1763,1,29.97272732853539,28.61919428244313,1.0472945895238779,1.353533046092263,UNAVAILABLE,0.03,0.9841059602649007,542,0.29411764705882354,1
12,50,SourceOnly,43.91186629127825,1901,1901,1,43.91186629127825,42.263051438810045,1.039013152063935,1.648814852468206,UNAVAILABLE,0.01,0.7827814569536424,540,,2
12,50,TargetOnly,61.266744214177734,1706,1706,1,61.266744214177734,60.10639500232426,1.0193049210788403,1.1603492118534717,UNAVAILABLE,0.02,1.0,533,,0
12,50,Pooled,35.43992009127123,1763,1763,1,35.43992009127123,35.059927113273076,1.0108383847111393,0.3799929779981568,UNAVAILABLE,0.01,0.9920529801324504,542,,1
12,50,RACE,27.580815511632004,1901,1901,1,27.580815511632004,26.5588267022276,1.0384801942067226,1.0219888094044052,UNAVAILABLE,0.03,1.0,542,0.45454545454545453,2
12,100,SourceOnly,43.91186629127825,1901,1901,1,43.91186629127825,42.263051438810045,1.039013152063935,1.648814852468206,UNAVAILABLE,0.01,0.7827814569536424,540,,2
12,100,TargetOnly,67.4633099788238,1962,1962,1,67.4633099788238,39.73574440616964,1.697799072020128,27.727565572654164,UNAVAILABLE,0.02,1.0,534,,0
12,100,Pooled,32.15027947599395,1901,1901,1,32.15027947599395,30.272042333154086,1.0620452733967938,1.8782371428398612,UNAVAILABLE,0.03,1.0,542,,2
12,100,RACE,28.75849336821732,1901,1901,1,28.75849336821732,28.498239334032174,1.0091322846697535,0.26025403418514514,UNAVAILABLE,0.03,1.0,542,0.625,2
13,10,SourceOnly,62.880289611075185,1861,1861,1,62.880289611075185,42.008934249455876,1.4968313463436564,20.871355361619308,UNAVAILABLE,0.0,0.49933774834437084,540,,0
13,10,TargetOnly,63.20518864518739,1962,1962,1,63.20518864518739,40.0203803251705,1.5793250371844916,23.18480832001689,UNAVAILABLE,0.0,1.0,528,,0
13,10,Pooled,59.46049145954794,1861,1861,1,59.46049145954794,49.012337887334695,1.213173948082839,10.448153572213243,UNAVAILABLE,0.01,0.5165562913907285,542,,0
13,10,RACE,55.585406744616684,1861,1861,1,55.585406744616684,39.96995355398961,1.3906797932485566,15.615453190627072,UNAVAILABLE,0.01,0.45165562913907287,542,0.14285714285714285,0
13,25,SourceOnly,62.880289611075185,1861,1861,1,62.880289611075185,42.008934249455876,1.4968313463436564,20.871355361619308,UNAVAILABLE,0.0,0.49933774834437084,540,,0
13,25,TargetOnly,69.346188395928,1962,1962,1,69.346188395928,38.27484149667848,1.8117955733910986,31.07134689924952,UNAVAILABLE,0.0,1.0,529,,0
13,25,Pooled,57.89692116471215,1861,1861,1,57.89692116471215,41.63613268075444,1.3905451211964737,16.260788483957704,UNAVAILABLE,0.01,0.5298013245033113,542,,0
13,25,RACE,56.40868170971771,1861,1861,1,56.40868170971771,34.94478222759591,1.6142233007012918,21.463899482121803,UNAVAILABLE,0.01,0.4291390728476821,542,0.29411764705882354,0
13,50,SourceOnly,62.880289611075185,1861,1861,1,62.880289611075185,42.008934249455876,1.4968313463436564,20.871355361619308,UNAVAILABLE,0.0,0.49933774834437084,540,,0
13,50,TargetOnly,64.77523859458303,1962,1962,1,64.77523859458303,38.57280354748824,1.679298174809516,26.202435047094788,UNAVAILABLE,0.0,1.0,532,,0
13,50,Pooled,57.802541550506334,1861,1861,1,57.802541550506334,39.460904136085254,1.4648053007393833,18.34163741442108,UNAVAILABLE,0.01,0.5139072847682119,542,,0
13,50,RACE,60.56838450131998,1861,1861,1,60.56838450131998,32.205375298652285,1.8806917770604157,28.363009202667698,UNAVAILABLE,0.01,0.40264900662251657,542,0.45454545454545453,0
13,100,SourceOnly,62.880289611075185,1861,1861,1,62.880289611075185,42.008934249455876,1.4968313463436564,20.871355361619308,UNAVAILABLE,0.0,0.49933774834437084,540,,0
13,100,TargetOnly,41.75532769675189,1962,1962,1,41.75532769675189,38.60394415278853,1.081633719380866,3.1513835439633624,UNAVAILABLE,0.0,1.0,533,,0
13,100,Pooled,41.34245602217371,1861,1861,1,41.34245602217371,35.94520297525785,1.1501522484274451,5.397253046915857,UNAVAILABLE,0.0,0.7748344370860927,542,,0
13,100,RACE,32.891363198871204,1861,1861,1,32.891363198871204,30.773964584531345,1.06880486940588,2.1173986143398587,UNAVAILABLE,0.0,0.9894039735099338,542,0.625,0
14,10,SourceOnly,62.880289611075185,1861,1861,1,62.880289611075185,61.968002022180706,1.014721913876906,0.912287588894479,UNAVAILABLE,0.0,0.49933774834437084,540,,0
14,10,TargetOnly,22539.233130593726,2014,2014,1,22539.233130593726,22539.22822491446,1.0000002176507208,0.004905679266812513,UNAVAILABLE,0.0,0.5576158940397351,528,,0
14,10,Pooled,60.844229842329256,1771,1771,1,60.844229842329256,59.46965187995254,1.0231139399495979,1.374577962376712,UNAVAILABLE,0.0,0.5099337748344371,542,,1
14,10,RACE,53.92112528855593,1771,1771,1,53.92112528855593,53.252423763265206,1.0125572035606012,0.6687015252907216,UNAVAILABLE,0.0,0.4052980132450331,542,0.14285714285714285,1
14,25,SourceOnly,62.880289611075185,1861,1861,1,62.880289611075185,61.968002022180706,1.014721913876906,0.912287588894479,UNAVAILABLE,0.0,0.49933774834437084,540,,0
14,25,TargetOnly,23591.76566580769,2010,2010,1,23591.76566580769,23591.70628859145,1.000002516868238,0.05937721623922698,UNAVAILABLE,0.0,0.42649006622516555,532,,2
14,25,Pooled,59.343984047273636,1771,1771,1,59.343984047273636,58.329058447407796,1.017399999706509,1.0149255998658404,UNAVAILABLE,0.0,0.5086092715231788,542,,1
14,25,RACE,52.802174710419386,1771,1771,1,52.802174710419386,52.24969945511131,1.0105737499175993,0.5524752553080745,UNAVAILABLE,0.0,0.4,542,0.29411764705882354,1
14,50,SourceOnly,62.880289611075185,1861,1861,1,62.880289611075185,61.968002022180706,1.014721913876906,0.912287588894479,UNAVAILABLE,0.0,0.49933774834437084,540,,0
14,50,TargetOnly,33.41419912289366,1722,1722,1,33.41419912289366,32.58490344771138,1.0254503032827162,0.82929567518228,UNAVAILABLE,0.01,1.0,534,,1
14,50,Pooled,42.09962862069828,1861,1861,1,42.09962862069828,40.351934360144654,1.0433112882509001,1.7476942605536294,UNAVAILABLE,0.0,0.7615894039735099,542,,0
14,50,RACE,30.250175640677085,1861,1861,1,30.250175640677085,28.554798981140635,1.0593727401357713,1.69537665953645,UNAVAILABLE,0.01,0.9271523178807947,542,0.45454545454545453,0
14,100,SourceOnly,62.880289611075185,1861,1861,1,62.880289611075185,61.968002022180706,1.014721913876906,0.912287588894479,UNAVAILABLE,0.0,0.49933774834437084,540,,0
14,100,TargetOnly,37.361846921821034,1861,1861,1,37.361846921821034,37.262810910080546,1.0026577708262394,0.0990360117404876,UNAVAILABLE,0.01,1.0,534,,0
14,100,Pooled,41.45490722662285,1861,1861,1,41.45490722662285,40.076197933180836,1.0344021979265783,1.3787092934420144,UNAVAILABLE,0.0,0.7735099337748345,542,,0
14,100,RACE,32.88029198995945,1861,1861,1,32.88029198995945,31.23073383164747,1.052818424543083,1.649558158311983,UNAVAILABLE,0.01,0.9894039735099338,542,0.625,0
15,10,SourceOnly,62.880289611075185,1861,1861,1,62.880289611075185,58.51449921287333,1.0746104035227113,4.365790398201852,UNAVAILABLE,0.0,0.49933774834437084,540,,0
15,10,TargetOnly,23840.531533776524,1965,1965,1,23840.531533776524,23840.214746412817,1.0000132879408627,0.3167873637066805,UNAVAILABLE,0.01,0.5695364238410596,530,,1
15,10,Pooled,66.27120792283195,1800,1800,1,66.27120792283195,66.21483130666942,1.0008514197657836,0.056376616162523874,UNAVAILABLE,0.04,0.5258278145695364,542,,1
15,10,RACE,56.36749025070987,1861,1861,1,56.36749025070987,54.41312157120947,1.035917231415271,1.9543686795003978,UNAVAILABLE,0.0,0.46357615894039733,542,0.14285714285714285,0
15,25,SourceOnly,62.880289611075185,1861,1861,1,62.880289611075185,58.51449921287333,1.0746104035227113,4.365790398201852,UNAVAILABLE,0.0,0.49933774834437084,540,,0
15,25,TargetOnly,42.00579005575099,1901,1901,1,42.00579005575099,38.29306783731678,1.0969554655220428,3.712722218434216,UNAVAILABLE,0.03,1.0,533,,2
15,25,Pooled,41.77331927320459,1861,1861,1,41.77331927320459,39.762549891140566,1.0505694274529422,2.0107693820640264,UNAVAILABLE,0.02,0.8264900662251655,542,,0
15,25,RACE,32.68998132482922,1861,1861,1,32.68998132482922,28.77474064850371,1.1360651942671498,3.91524067632551,UNAVAILABLE,0.01,0.8993377483443709,542,0.29411764705882354,0
15,50,SourceOnly,62.880289611075185,1861,1861,1,62.880289611075185,58.51449921287333,1.0746104035227113,4.365790398201852,UNAVAILABLE,0.0,0.49933774834437084,540,,0
15,50,TargetOnly,42.32289571695416,1901,1901,1,42.32289571695416,36.36993117703096,1.1636781909469964,5.952964539923194,UNAVAILABLE,0.04,1.0,534,,2
15,50,Pooled,41.23152566249698,1861,1861,1,41.23152566249698,38.179619096717545,1.0799354901380307,3.051906565779433,UNAVAILABLE,0.0,0.8052980132450331,542,,0
15,50,RACE,33.200200459626814,1861,1861,1,33.200200459626814,29.77064905465176,1.115199080768418,3.4295514049750544,UNAVAILABLE,0.02,0.9417218543046357,542,0.45454545454545453,0
15,100,SourceOnly,62.880289611075185,1861,1861,1,62.880289611075185,58.51449921287333,1.0746104035227113,4.365790398201852,UNAVAILABLE,0.0,0.49933774834437084,540,,0
15,100,TargetOnly,39.42219774811854,1861,1861,1,39.42219774811854,39.01921284801989,1.0103278582699318,0.4029849000986516,UNAVAILABLE,0.04,1.0,535,,0
15,100,Pooled,41.16414862285225,1861,1861,1,41.16414862285225,38.619098026913406,1.065901347415344,2.5450505959388465,UNAVAILABLE,0.0,0.7894039735099337,542,,0
15,100,RACE,35.466419848028096,1861,1861,1,35.466419848028096,32.39445251396415,1.0948300432841003,3.071967334063949,UNAVAILABLE,0.01,0.9629139072847682,542,0.625,0
16,10,SourceOnly,61.968002022180706,1771,1771,1,61.968002022180706,43.99057039074653,1.408665572456768,17.97743163143418,UNAVAILABLE,0.01,0.5086092715231788,540,,1
16,10,TargetOnly,105.31650239268049,1840,1840,1,105.31650239268049,56.970036713771165,1.8486297090137334,48.346465678909325,UNAVAILABLE,0.01,1.0,529,,2
16,10,Pooled,63.01454515461108,1871,1871,1,63.01454515461108,62.124253984244554,1.0143308146701016,0.8902911703665239,UNAVAILABLE,0.0,0.5655629139072847,542,,2
16,10,RACE,56.58060713820168,1771,1771,1,56.58060713820168,39.482503678276956,1.433055198303749,17.098103459924722,UNAVAILABLE,0.01,0.45827814569536424,542,0.14285714285714285,1
16,25,SourceOnly,61.968002022180706,1771,1771,1,61.968002022180706,43.99057039074653,1.408665572456768,17.97743163143418,UNAVAILABLE,0.01,0.5086092715231788,540,,1
16,25,TargetOnly,104.2905612923554,1840,1840,1,104.2905612923554,43.49892140711449,2.397543615306703,60.79163988524092,UNAVAILABLE,0.01,1.0,533,,2
16,25,Pooled,41.15247830801736,1771,1771,1,41.15247830801736,37.56313903846547,1.0955548274566809,3.5893392695518855,UNAVAILABLE,0.01,0.8490066225165563,542,,1
16,25,RACE,30.217259365748188,1771,1771,1,30.217259365748188,30.17917975004888,1.0012617843166942,0.0380796156993064,UNAVAILABLE,0.02,0.937748344370861,542,0.29411764705882354,1
16,50,SourceOnly,61.968002022180706,1771,1771,1,61.968002022180706,43.99057039074653,1.408665572456768,17.97743163143418,UNAVAILABLE,0.01,0.5086092715231788,540,,1
16,50,TargetOnly,115.93507028204121,1840,1840,1,115.93507028204121,38.358883140269306,3.0223786719257246,77.5761871417719,UNAVAILABLE,0.01,1.0,534,,2
16,50,Pooled,40.730105816484375,1771,1771,1,40.730105816484375,35.460251373783876,1.1486130029691937,5.269854442700499,UNAVAILABLE,0.01,0.8317880794701987,542,,1
16,50,RACE,30.885189709695318,1840,1840,1,30.885189709695318,30.588106220796107,1.0097123858127979,0.29708348889921155,UNAVAILABLE,0.02,0.9708609271523179,542,0.45454545454545453,2
16,100,SourceOnly,61.968002022180706,1771,1771,1,61.968002022180706,43.99057039074653,1.408665572456768,17.97743163143418,UNAVAILABLE,0.01,0.5086092715231788,540,,1
16,100,TargetOnly,129.09812227377543,1840,1840,1,129.09812227377543,41.22163433506166,3.1318050425761297,87.87648793871378,UNAVAILABLE,0.01,1.0,535,,2
16,100,Pooled,40.66710543419002,1771,1771,1,40.66710543419002,34.394198801161366,1.1823826939331652,6.272906633028654,UNAVAILABLE,0.01,0.8132450331125828,542,,1
16,100,RACE,33.84651751950864,1840,1840,1,33.84651751950864,33.13559625220726,1.0214549109631315,0.71092126730138,UNAVAILABLE,0.02,0.9920529801324504,542,0.625,2
17,10,SourceOnly,62.880289611075185,1861,1861,1,62.880289611075185,40.79410352752657,1.5414063350759883,22.08618608354861,UNAVAILABLE,0.0,0.49933774834437084,540,,0
17,10,TargetOnly,38.859464216968604,1984,1984,1,38.859464216968604,37.79093858626598,1.0282746518259525,1.0685256307026236,UNAVAILABLE,0.03,1.0,529,,2
17,10,Pooled,59.428574655558094,1861,1861,1,59.428574655558094,50.402130061099776,1.1790885540653946,9.026444594458319,UNAVAILABLE,0.0,0.519205298013245,542,,0
17,10,RACE,56.97260661221084,1861,1861,1,56.97260661221084,40.07238132051314,1.421742475360366,16.9002252916977,UNAVAILABLE,0.0,0.43443708609271525,542,0.14285714285714285,0
17,25,SourceOnly,62.880289611075185,1861,1861,1,62.880289611075185,40.79410352752657,1.5414063350759883,22.08618608354861,UNAVAILABLE,0.0,0.49933774834437084,540,,0
17,25,TargetOnly,42.538457082164754,1742,1742,1,42.538457082164754,34.06819610332555,1.248626635620792,8.470260978839207,UNAVAILABLE,0.02,1.0,530,,1
17,25,Pooled,58.06452554983143,1861,1861,1,58.06452554983143,45.81902448794685,1.2672580046985915,12.245501061884582,UNAVAILABLE,0.01,0.5231788079470199,542,,0
17,25,RACE,55.28958929295816,1861,1861,1,55.28958929295816,34.18474696271425,1.617375999689664,21.104842330243912,UNAVAILABLE,0.01,0.40794701986754967,542,0.29411764705882354,0
17,50,SourceOnly,62.880289611075185,1861,1861,1,62.880289611075185,40.79410352752657,1.5414063350759883,22.08618608354861,UNAVAILABLE,0.0,0.49933774834437084,540,,0
17,50,TargetOnly,35.47949453835724,2020,2020,1,35.47949453835724,35.20087092712275,1.0079152476599607,0.27862361123448665,UNAVAILABLE,0.03,1.0,532,,0
17,50,Pooled,57.45126476781161,1861,1861,1,57.45126476781161,38.28714403401007,1.5005367001722105,19.16412073380154,UNAVAILABLE,0.01,0.5258278145695364,542,,0
17,50,RACE,59.221344254243355,1861,1861,1,59.221344254243355,30.982380452176475,1.9114523606620784,28.23896380206688,UNAVAILABLE,0.01,0.4013245033112583,542,0.45454545454545453,0
17,100,SourceOnly,62.880289611075185,1861,1861,1,62.880289611075185,40.79410352752657,1.5414063350759883,22.08618608354861,UNAVAILABLE,0.0,0.49933774834437084,540,,0
17,100,TargetOnly,84.70725524903742,1737,1737,1,84.70725524903742,41.51021084329988,2.0406365934590265,43.197044405737536,UNAVAILABLE,0.04,1.0,534,,0
17,100,Pooled,44.481980960773456,1861,1861,1,44.481980960773456,36.50169491839774,1.218627821535856,7.980286042375717,UNAVAILABLE,0.01,0.6913907284768211,543,,0
17,100,RACE,37.93858218853599,1861,1861,1,37.93858218853599,31.949848078947685,1.1874417084798092,5.988734109588304,UNAVAILABLE,0.0,0.8079470198675497,543,0.625,0
18,10,SourceOnly,51.03482439502577,1797,1797,1,51.03482439502577,42.008934249455876,1.214856442012375,9.025890145569896,UNAVAILABLE,0.03,0.6119205298013245,540,,1
18,10,TargetOnly,19984.692260529155,1704,1704,1,19984.692260529155,19984.293360478252,1.000019960678304,0.39890005090273917,UNAVAILABLE,0.01,0.5536423841059602,530,,2
18,10,Pooled,58.81745140228445,1782,1782,1,58.81745140228445,58.79067821150194,1.000455398569926,0.026773190782506617,UNAVAILABLE,0.05,0.5973509933774834,542,,0
18,10,RACE,47.96790192569767,1797,1797,1,47.96790192569767,38.89069579389034,1.2334030272925418,9.07720613180733,UNAVAILABLE,0.03,0.5417218543046357,542,0.14285714285714285,1
18,25,SourceOnly,51.03482439502577,1797,1797,1,51.03482439502577,42.008934249455876,1.214856442012375,9.025890145569896,UNAVAILABLE,0.03,0.6119205298013245,540,,1
18,25,TargetOnly,65.47213382779077,1962,1962,1,65.47213382779077,36.77427139252009,1.7803788178141264,28.69786243527068,UNAVAILABLE,0.01,1.0,532,,0
18,25,Pooled,46.919144332769896,1797,1797,1,46.919144332769896,38.73809443281449,1.2111887541124209,8.181049899955404,UNAVAILABLE,0.03,0.6821192052980133,542,,1
18,25,RACE,46.0720647892994,1797,1797,1,46.0720647892994,28.338271448328147,1.6257895218946912,17.73379334097125,UNAVAILABLE,0.03,0.5205298013245033,542,0.29411764705882354,1
18,50,SourceOnly,51.03482439502577,1797,1797,1,51.03482439502577,42.008934249455876,1.214856442012375,9.025890145569896,UNAVAILABLE,0.03,0.6119205298013245,540,,1
18,50,TargetOnly,64.60430945276067,1962,1962,1,64.60430945276067,37.679154768771944,1.7145901984591223,26.92515468398873,UNAVAILABLE,0.01,1.0,532,,0
18,50,Pooled,46.90555945582452,1797,1797,1,46.90555945582452,32.08519066177066,1.4619068326657088,14.820368794053863,UNAVAILABLE,0.03,0.6609271523178808,542,,1
18,50,RACE,48.72690042410193,1797,1797,1,48.72690042410193,27.09287969064664,1.7985131510743049,21.634020733455287,UNAVAILABLE,0.03,0.5099337748344371,542,0.45454545454545453,1
18,100,SourceOnly,51.03482439502577,1797,1797,1,51.03482439502577,42.008934249455876,1.214856442012375,9.025890145569896,UNAVAILABLE,0.03,0.6119205298013245,540,,1
18,100,TargetOnly,40.9171779014884,1962,1962,1,40.9171779014884,37.14551576904187,1.101537481829501,3.7716621324465294,UNAVAILABLE,0.01,1.0,533,,0
18,100,Pooled,46.464412235329725,1797,1797,1,46.464412235329725,28.84876739047219,1.610620363997784,17.615644844857535,UNAVAILABLE,0.03,0.6476821192052981,542,,1
18,100,RACE,53.845592179144475,1797,1797,1,53.845592179144475,27.18864787614032,1.9804439126374223,26.656944303004156,UNAVAILABLE,0.03,0.48079470198675495,542,0.625,1
19,10,SourceOnly,42.22916597679238,2008,2008,1,42.22916597679238,41.57189177681542,1.0158105434197133,0.6572741999769605,UNAVAILABLE,0.02,0.8543046357615894,540,,1
19,10,TargetOnly,17947.34272121338,1710,1710,1,17947.34272121338,15283.207579643677,1.1743178012656303,2664.1351415697027,UNAVAILABLE,0.0,0.14701986754966886,527,,2
19,10,Pooled,52.461037517359266,1742,1742,1,52.461037517359266,48.39933189447664,1.0839206960901488,4.061705622882627,UNAVAILABLE,0.01,0.633112582781457,542,,1
19,10,RACE,40.87708790415147,1742,1742,1,40.87708790415147,35.450852449179706,1.1530636100429603,5.426235454971767,UNAVAILABLE,0.02,0.6516556291390728,542,0.14285714285714285,1
19,25,SourceOnly,42.22916597679238,2008,2008,1,42.22916597679238,41.57189177681542,1.0158105434197133,0.6572741999769605,UNAVAILABLE,0.02,0.8543046357615894,540,,1
19,25,TargetOnly,25734.868293622025,1710,1710,1,25734.868293622025,22708.673358113778,1.133261634785327,3026.194935508247,UNAVAILABLE,0.0,0.14701986754966886,531,,2
19,25,Pooled,41.30110085596701,1742,1742,1,41.30110085596701,35.58882216061576,1.1605076636021048,5.7122786953512446,UNAVAILABLE,0.02,0.8357615894039735,542,,1
19,25,RACE,35.6363979941241,1742,1742,1,35.6363979941241,32.54918744109726,1.0948475459983025,3.0872105530268428,UNAVAILABLE,0.02,0.7841059602649006,542,0.29411764705882354,1
19,50,SourceOnly,42.22916597679238,2008,2008,1,42.22916597679238,41.57189177681542,1.0158105434197133,0.6572741999769605,UNAVAILABLE,0.02,0.8543046357615894,540,,1
19,50,TargetOnly,11455.274555487798,1710,1710,1,11455.274555487798,34.792158215223324,329.24874865841286,11420.482397272575,UNAVAILABLE,0.0,0.0026490066225165563,534,,2
19,50,Pooled,39.60357495665285,1742,1742,1,39.60357495665285,35.2836946643987,1.1224327648604473,4.3198802922541475,UNAVAILABLE,0.02,0.8874172185430463,542,,1
19,50,RACE,34.03703094719914,1710,1710,1,34.03703094719914,33.34603058052368,1.0207221175847854,0.6910003666754605,UNAVAILABLE,0.02,0.856953642384106,542,0.45454545454545453,2
19,100,SourceOnly,42.22916597679238,2008,2008,1,42.22916597679238,41.57189177681542,1.0158105434197133,0.6572741999769605,UNAVAILABLE,0.02,0.8543046357615894,540,,1
19,100,TargetOnly,14216.440258014956,1710,1710,1,14216.440258014956,40.101380651829594,354.51248877054167,14176.338877363127,UNAVAILABLE,0.0,0.0026490066225165563,535,,2
19,100,Pooled,37.366225751657666,1742,1742,1,37.366225751657666,34.905247427506346,1.0705045374413247,2.46097832415132,UNAVAILABLE,0.0,0.9483443708609272,542,,1
19,100,RACE,38.50700285738843,1710,1710,1,38.50700285738843,34.6910836381022,1.1099971179653523,3.8159192192862292,UNAVAILABLE,0.0,0.7774834437086092,542,0.625,2
