detector,score_variant,clip,analysis_role,N,seed_count,mean_recall,recall_ci_lower,recall_ci_upper,mean_false_positive_rate,fpr_ci_lower,fpr_ci_upper,success_rate,mean_auroc,mean_auprc,mean_max_to_second_ratio,mean_effective_feature_dimension,mean_calibration_clipped_fraction,joint_ci_success
RACE,BOUNDED_ROBUST_WHITENING,2.5,sensitivity,10,20,0.0412582781457,0.0284751655629,0.0544387417219,0.005,0.002,0.0085,0,0.332105298013,0.850470909901,1.03070172778,515.2,0.00474201106907,False
RACE,BOUNDED_ROBUST_WHITENING,2.5,sensitivity,25,20,0.109205298013,0.0949006622517,0.123443708609,0.0105,0.0045,0.0175,0,0.45588807947,0.893206320903,1.03599022425,513.55,0.00319865248012,False
RACE,BOUNDED_ROBUST_WHITENING,2.5,sensitivity,50,20,0.149536423841,0.125430463576,0.173246688742,0.0095,0.0045,0.015,0,0.578755629139,0.923433313714,1.03952889553,513.8,0.00201102315939,False
RACE,BOUNDED_ROBUST_WHITENING,2.5,sensitivity,100,20,0.242913907285,0.205298013245,0.276293046358,0.0115,0.006,0.018,0,0.743198675497,0.956583674249,1.03799792491,512.95,0.000885260116273,False
RACE,BOUNDED_ROBUST_WHITENING,3,primary,10,20,0.0495364238411,0.0365562913907,0.0620529801325,0.006,0.003,0.0095,0,0.324951655629,0.851313640503,1.03106672024,515.2,0.00340151030449,False
RACE,BOUNDED_ROBUST_WHITENING,3,primary,25,20,0.125165562914,0.110794701987,0.13821192053,0.0085,0.0035,0.015,0,0.448670198675,0.893298567954,1.03447451082,513.55,0.00188551334358,False
RACE,BOUNDED_ROBUST_WHITENING,3,primary,50,20,0.162251655629,0.140993377483,0.18357615894,0.012,0.0055,0.02,0,0.578168874172,0.924318284242,1.04646107745,513.8,0.000917833667947,False
RACE,BOUNDED_ROBUST_WHITENING,3,primary,100,20,0.238741721854,0.201321192053,0.272715231788,0.011,0.0055,0.0175,0,0.747425827815,0.95728609395,1.06011296055,512.95,0.000304124676307,False
RACE,BOUNDED_ROBUST_WHITENING,4,sensitivity,10,20,0.076821192053,0.0590066225166,0.0938410596026,0.0075,0.003,0.0135,0,0.321402649007,0.855300560046,1.02459737707,515.2,0.00189401978493,False
RACE,BOUNDED_ROBUST_WHITENING,4,sensitivity,25,20,0.135761589404,0.119006622517,0.150397350993,0.007,0.0015,0.014,0,0.441693377483,0.893452263338,1.04588708574,513.55,0.000716525721191,False
RACE,BOUNDED_ROBUST_WHITENING,4,sensitivity,50,20,0.165629139073,0.147483443709,0.181258278146,0.0095,0.0045,0.015,0,0.582572847682,0.926183039288,1.05127408755,513.8,0.000177173220717,False
RACE,BOUNDED_ROBUST_WHITENING,4,sensitivity,100,20,0.237417218543,0.201389072848,0.270132450331,0.009,0.004,0.015,0,0.748290066225,0.957425850697,1.07754284245,512.95,3.02239505549e-05,False
RACE,CURRENT_MAHALANOBIS,none,reference,10,20,0.516092715232,0.470594370861,0.56655794702,0.009,0.0045,0.0135,0,0.936450993377,0.990770368631,1.24677485434,542,0,False
RACE,CURRENT_MAHALANOBIS,none,reference,25,20,0.631456953642,0.524236754967,0.739806291391,0.013,0.0075,0.019,0.05,0.992185430464,0.998596559925,1.30232739325,542,0,False
RACE,CURRENT_MAHALANOBIS,none,reference,50,20,0.717152317881,0.599933774834,0.832052980132,0.015,0.01,0.02,0.1,0.993839735099,0.998843375692,1.33206532842,542,0,False
RACE,CURRENT_MAHALANOBIS,none,reference,100,20,0.812847682119,0.705759933775,0.911655629139,0.0125,0.007,0.0185,0.3,0.995431125828,0.999138316685,1.30288205421,542.05,0,False
TargetOnly,BOUNDED_ROBUST_WHITENING,2.5,sensitivity,10,20,0.332516556291,0.273374172185,0.390331125828,0.0095,0.004,0.0155,0,0.779886092715,0.96511706694,1.03271485305,515.2,0.0162075281643,False
TargetOnly,BOUNDED_ROBUST_WHITENING,2.5,sensitivity,25,20,0.367549668874,0.306687086093,0.427087748344,0.0115,0.0065,0.0165,0,0.805462913907,0.970102336043,1.02569784071,513.55,0.0047438157472,False
TargetOnly,BOUNDED_ROBUST_WHITENING,2.5,sensitivity,50,20,0.351986754967,0.281918874172,0.418412251656,0.01,0.0055,0.0155,0,0.831198675497,0.973699532693,1.07916940393,513.8,0.00119214365013,False
TargetOnly,BOUNDED_ROBUST_WHITENING,2.5,sensitivity,100,20,0.375562913907,0.274503311258,0.469471854305,0.012,0.0065,0.0185,0,0.833688741722,0.971026788839,1.15398843796,512.95,0.000578148576317,False
TargetOnly,BOUNDED_ROBUST_WHITENING,3,primary,10,20,0.33701986755,0.275958609272,0.396754966887,0.0095,0.004,0.0155,0,0.780938410596,0.965129165315,1.03697673573,515.2,0.012370105484,False
TargetOnly,BOUNDED_ROBUST_WHITENING,3,primary,25,20,0.378145695364,0.315761589404,0.43894205298,0.0115,0.0065,0.017,0,0.810924503311,0.971252715166,1.03542207291,513.55,0.00325289776446,False
TargetOnly,BOUNDED_ROBUST_WHITENING,3,primary,50,20,0.384304635762,0.321918874172,0.442716887417,0.0085,0.0055,0.012,0,0.83317615894,0.974256417436,1.07880988762,513.8,0.000588866054911,False
TargetOnly,BOUNDED_ROBUST_WHITENING,3,primary,100,20,0.373642384106,0.275033112583,0.463311258278,0.0105,0.006,0.0155,0,0.834800662252,0.971230243421,1.15840902384,512.95,0.000192057558153,False
TargetOnly,BOUNDED_ROBUST_WHITENING,4,sensitivity,10,20,0.35701986755,0.290991721854,0.418875827815,0.011,0.005,0.0175,0,0.783060264901,0.965356299943,1.03923986501,515.2,0.00755817407679,False
TargetOnly,BOUNDED_ROBUST_WHITENING,4,sensitivity,25,20,0.398278145695,0.333907284768,0.459736754967,0.013,0.0065,0.0205,0,0.815056291391,0.971969882909,1.04490376332,513.55,0.00153498923408,False
TargetOnly,BOUNDED_ROBUST_WHITENING,4,sensitivity,50,20,0.396225165563,0.333375827815,0.455899006623,0.0095,0.006,0.0135,0,0.833958940397,0.974948109333,1.07811339197,513.8,0.000130417359291,False
TargetOnly,BOUNDED_ROBUST_WHITENING,4,sensitivity,100,20,0.371920529801,0.281721854305,0.456033112583,0.0115,0.0055,0.0185,0,0.834725827815,0.971370658093,1.16964115278,512.95,2.14463023879e-05,False
TargetOnly,CURRENT_MAHALANOBIS,none,reference,10,20,0.604039735099,0.455627483444,0.750667218543,0.0105,0.0055,0.0165,0.15,0.966364900662,0.993382450123,15.7162247768,527.8,0,False
TargetOnly,CURRENT_MAHALANOBIS,none,reference,25,20,0.733311258278,0.574104304636,0.881589403974,0.01,0.0055,0.0145,0.4,0.986686092715,0.996079045954,13.8537269163,531.2,0,False
TargetOnly,CURRENT_MAHALANOBIS,none,reference,50,20,0.850397350993,0.700794701987,1,0.0115,0.007,0.0165,0.6,0.99551192053,0.996797797057,48.186594683,532.75,0,False
TargetOnly,CURRENT_MAHALANOBIS,none,reference,100,20,0.850397350993,0.700794701987,1,0.0125,0.0075,0.018,0.6,0.99551192053,0.996797797057,53.5964173111,533.6,0,False
TargetOnly,ROBUST_DIAGONAL,2.5,sensitivity,10,20,0.447682119205,0.400331125828,0.496887417219,0.012,0.007,0.017,0,0.924373509934,0.988372783998,1.02439332659,515.2,0.0996760263387,False
TargetOnly,ROBUST_DIAGONAL,2.5,sensitivity,25,20,0.43880794702,0.390463576159,0.492913907285,0.0095,0.0035,0.017,0,0.952406622517,0.992770869338,1.05648935175,513.55,0.0548735154815,False
TargetOnly,ROBUST_DIAGONAL,2.5,sensitivity,50,20,0.464238410596,0.416355960265,0.517814569536,0.011,0.005,0.018,0,0.956906622517,0.993508714982,1.04859013531,513.8,0.0425739951529,False
TargetOnly,ROBUST_DIAGONAL,2.5,sensitivity,100,20,0.48178807947,0.431655629139,0.536225165563,0.01,0.004,0.0175,0,0.962066225166,0.994268006902,1.05210692959,512.95,0.0368634101358,False
TargetOnly,ROBUST_DIAGONAL,3,primary,10,20,0.462582781457,0.413841059603,0.51357781457,0.012,0.007,0.0175,0,0.933490066225,0.989823677128,1.03275723216,515.2,0.0683744132736,False
TargetOnly,ROBUST_DIAGONAL,3,primary,25,20,0.45761589404,0.406688741722,0.513713576159,0.0105,0.0045,0.018,0,0.95950794702,0.993849079993,1.07171380413,513.55,0.0364184726231,False
TargetOnly,ROBUST_DIAGONAL,3,primary,50,20,0.477682119205,0.425360927152,0.5355,0.011,0.005,0.018,0,0.963989403974,0.994561970155,1.06525934845,513.8,0.0279024235168,False
TargetOnly,ROBUST_DIAGONAL,3,primary,100,20,0.492516556291,0.440066225166,0.550794701987,0.01,0.004,0.0175,0,0.968647019868,0.995247979148,1.07473841228,512.95,0.0244538346289,False
TargetOnly,ROBUST_DIAGONAL,4,sensitivity,10,20,0.482052980132,0.434036423841,0.532518211921,0.0105,0.006,0.015,0,0.944735099338,0.991596959399,1.05035211082,515.2,0.0381086744203,False
TargetOnly,ROBUST_DIAGONAL,4,sensitivity,25,20,0.473642384106,0.417682119205,0.535960264901,0.01,0.004,0.0170125,0,0.967753642384,0.995109275406,1.10397895997,513.55,0.0222303350863,False
TargetOnly,ROBUST_DIAGONAL,4,sensitivity,50,20,0.504768211921,0.43986589404,0.575832781457,0.0105,0.005,0.017,0,0.971274834437,0.995655100583,1.09601814198,513.8,0.018183918425,False
TargetOnly,ROBUST_DIAGONAL,4,sensitivity,100,20,0.512847682119,0.448675496689,0.582385761589,0.011,0.0045,0.019,0,0.975329801325,0.996240938971,1.11361401389,512.95,0.0170049724178,False
