protocol_version,seed,seed_group,N,calibration_size_requested,calibration_size_actual,calibration_size_capped,method,threshold,recall,false_positive_rate,empirical_coverage,target_coverage,determines_threshold_1710,target_episode_in_calibration_pool
calibration-tail-robustness-v1.0.0,4,failed,10,100,100,False,CURRENT_MAX,380512821.318,0.0794701986755,0,1,0.99,False,True
calibration-tail-robustness-v1.0.0,4,failed,10,100,100,False,TRIMMED_5PCT,76176.7500966,0.692715231788,0.05,0.95,0.99,False,True
calibration-tail-robustness-v1.0.0,4,failed,10,100,100,False,TRIMMED_10PCT,66282.0180584,0.719205298013,0.11,0.9,0.99,False,True
calibration-tail-robustness-v1.0.0,4,failed,10,200|all,119,False,CURRENT_MAX,380512821.318,0.0794701986755,0,1,0.99,False,True
calibration-tail-robustness-v1.0.0,4,failed,10,200|all,119,False,STANDARD_CONFORMAL,380512821.318,0.0794701986755,0,1,0.99,False,True
calibration-tail-robustness-v1.0.0,4,failed,10,200|all,119,False,TRIMMED_5PCT,76176.7500966,0.692715231788,0.05,0.957983193277,0.99,False,True
calibration-tail-robustness-v1.0.0,4,failed,10,200|all,119,False,TRIMMED_10PCT,66282.0180584,0.719205298013,0.11,0.90756302521,0.99,False,True
calibration-tail-robustness-v1.0.0,4,failed,25,100,100,False,CURRENT_MAX,30492.0395114,0.222516556291,0,1,0.99,True,True
calibration-tail-robustness-v1.0.0,4,failed,25,100,100,False,TRIMMED_5PCT,29160.9640165,0.490066225166,0.04,0.95,0.99,True,True
calibration-tail-robustness-v1.0.0,4,failed,25,100,100,False,TRIMMED_10PCT,21871.2039256,0.638410596026,0.08,0.9,0.99,True,True
calibration-tail-robustness-v1.0.0,4,failed,25,200|all,119,False,CURRENT_MAX,30492.0395114,0.222516556291,0,1,0.99,True,True
calibration-tail-robustness-v1.0.0,4,failed,25,200|all,119,False,STANDARD_CONFORMAL,30492.0395114,0.222516556291,0,1,0.99,True,True
calibration-tail-robustness-v1.0.0,4,failed,25,200|all,119,False,TRIMMED_5PCT,29161.3166942,0.451655629139,0.02,0.957983193277,0.99,True,True
calibration-tail-robustness-v1.0.0,4,failed,25,200|all,119,False,TRIMMED_10PCT,21871.2039256,0.638410596026,0.08,0.90756302521,0.99,True,True
calibration-tail-robustness-v1.0.0,4,failed,50,100,100,False,CURRENT_MAX,20592.6967601,0.0887417218543,0,1,0.99,False,True
calibration-tail-robustness-v1.0.0,4,failed,50,100,100,False,TRIMMED_5PCT,77.9775559505,1,0.02,0.95,0.99,False,True
calibration-tail-robustness-v1.0.0,4,failed,50,100,100,False,TRIMMED_10PCT,35.7726067628,1,0.11,0.9,0.99,False,True
calibration-tail-robustness-v1.0.0,4,failed,50,200|all,119,False,CURRENT_MAX,20592.6967601,0.0887417218543,0,1,0.99,False,True
calibration-tail-robustness-v1.0.0,4,failed,50,200|all,119,False,STANDARD_CONFORMAL,20592.6967601,0.0887417218543,0,1,0.99,False,True
calibration-tail-robustness-v1.0.0,4,failed,50,200|all,119,False,TRIMMED_5PCT,77.9775559505,1,0.02,0.957983193277,0.99,False,True
calibration-tail-robustness-v1.0.0,4,failed,50,200|all,119,False,TRIMMED_10PCT,35.4797169288,1,0.13,0.90756302521,0.99,False,True
calibration-tail-robustness-v1.0.0,4,failed,100,100,100,False,CURRENT_MAX,12397.1058607,0.0225165562914,0,1,0.99,True,True
calibration-tail-robustness-v1.0.0,4,failed,100,100,100,False,TRIMMED_5PCT,40.2807815606,1,0.05,0.95,0.99,True,True
calibration-tail-robustness-v1.0.0,4,failed,100,100,100,False,TRIMMED_10PCT,38.6643728375,1,0.07,0.9,0.99,True,True
calibration-tail-robustness-v1.0.0,4,failed,100,200|all,119,False,CURRENT_MAX,12397.1058607,0.0225165562914,0,1,0.99,True,True
calibration-tail-robustness-v1.0.0,4,failed,100,200|all,119,False,STANDARD_CONFORMAL,12397.1058607,0.0225165562914,0,1,0.99,True,True
calibration-tail-robustness-v1.0.0,4,failed,100,200|all,119,False,TRIMMED_5PCT,40.2807815606,1,0.05,0.957983193277,0.99,True,True
calibration-tail-robustness-v1.0.0,4,failed,100,200|all,119,False,TRIMMED_10PCT,36.2956499457,1,0.15,0.90756302521,0.99,True,True
calibration-tail-robustness-v1.0.0,9,failed,10,100,100,False,CURRENT_MAX,12276593.3111,0.0264900662252,0,1,0.99,False,True
calibration-tail-robustness-v1.0.0,9,failed,10,100,100,False,TRIMMED_5PCT,8567.16423848,0.0900662251656,0.02,0.95,0.99,False,True
calibration-tail-robustness-v1.0.0,9,failed,10,100,100,False,TRIMMED_10PCT,242.707140333,0.286092715232,0.07,0.9,0.99,False,True
calibration-tail-robustness-v1.0.0,9,failed,10,200|all,119,False,CURRENT_MAX,12276593.3111,0.0264900662252,0,1,0.99,False,True
calibration-tail-robustness-v1.0.0,9,failed,10,200|all,119,False,STANDARD_CONFORMAL,12276593.3111,0.0264900662252,0,1,0.99,False,True
calibration-tail-robustness-v1.0.0,9,failed,10,200|all,119,False,TRIMMED_5PCT,8567.16423848,0.0900662251656,0.02,0.957983193277,0.99,False,True
calibration-tail-robustness-v1.0.0,9,failed,10,200|all,119,False,TRIMMED_10PCT,419.730923416,0.193377483444,0.06,0.90756302521,0.99,False,True
calibration-tail-robustness-v1.0.0,9,failed,25,100,100,False,CURRENT_MAX,49250.374652,0.0397350993377,0,1,0.99,False,True
calibration-tail-robustness-v1.0.0,9,failed,25,100,100,False,TRIMMED_5PCT,123.543641954,1,0.05,0.95,0.99,False,True
calibration-tail-robustness-v1.0.0,9,failed,25,100,100,False,TRIMMED_10PCT,52.5269746233,1,0.09,0.9,0.99,False,True
calibration-tail-robustness-v1.0.0,9,failed,25,200|all,119,False,CURRENT_MAX,49250.374652,0.0397350993377,0,1,0.99,False,True
calibration-tail-robustness-v1.0.0,9,failed,25,200|all,119,False,STANDARD_CONFORMAL,49250.374652,0.0397350993377,0,1,0.99,False,True
calibration-tail-robustness-v1.0.0,9,failed,25,200|all,119,False,TRIMMED_5PCT,171.624147752,1,0.04,0.957983193277,0.99,False,True
calibration-tail-robustness-v1.0.0,9,failed,25,200|all,119,False,TRIMMED_10PCT,68.2258987925,1,0.07,0.90756302521,0.99,False,True
calibration-tail-robustness-v1.0.0,9,failed,50,100,100,False,CURRENT_MAX,23741.2987493,0.0490066225166,0,1,0.99,False,True
calibration-tail-robustness-v1.0.0,9,failed,50,100,100,False,TRIMMED_5PCT,40.4801334332,1,0.05,0.95,0.99,False,True
calibration-tail-robustness-v1.0.0,9,failed,50,100,100,False,TRIMMED_10PCT,36.1053479254,1,0.1,0.9,0.99,False,True
calibration-tail-robustness-v1.0.0,9,failed,50,200|all,119,False,CURRENT_MAX,23741.2987493,0.0490066225166,0,1,0.99,False,True
calibration-tail-robustness-v1.0.0,9,failed,50,200|all,119,False,STANDARD_CONFORMAL,23741.2987493,0.0490066225166,0,1,0.99,False,True
calibration-tail-robustness-v1.0.0,9,failed,50,200|all,119,False,TRIMMED_5PCT,102.83849464,1,0.02,0.957983193277,0.99,False,True
calibration-tail-robustness-v1.0.0,9,failed,50,200|all,119,False,TRIMMED_10PCT,36.7420841812,1,0.05,0.90756302521,0.99,False,True
calibration-tail-robustness-v1.0.0,9,failed,100,100,100,False,CURRENT_MAX,37907.4704737,0.046357615894,0,1,0.99,False,True
calibration-tail-robustness-v1.0.0,9,failed,100,100,100,False,TRIMMED_5PCT,47.8569631871,1,0.04,0.95,0.99,False,True
calibration-tail-robustness-v1.0.0,9,failed,100,100,100,False,TRIMMED_10PCT,37.8920346539,1,0.11,0.9,0.99,False,True
calibration-tail-robustness-v1.0.0,9,failed,100,200|all,119,False,CURRENT_MAX,37907.4704737,0.046357615894,0,1,0.99,False,True
calibration-tail-robustness-v1.0.0,9,failed,100,200|all,119,False,STANDARD_CONFORMAL,37907.4704737,0.046357615894,0,1,0.99,False,True
calibration-tail-robustness-v1.0.0,9,failed,100,200|all,119,False,TRIMMED_5PCT,136.191975624,1,0.01,0.957983193277,0.99,False,True
calibration-tail-robustness-v1.0.0,9,failed,100,200|all,119,False,TRIMMED_10PCT,39.3431515373,1,0.06,0.90756302521,0.99,False,True
calibration-tail-robustness-v1.0.0,19,failed,10,100,100,False,CURRENT_MAX,74186789.2022,0.041059602649,0.04,1,0.99,False,True
calibration-tail-robustness-v1.0.0,19,failed,10,100,100,False,TRIMMED_5PCT,62177.3554389,0.508609271523,0.13,0.95,0.99,False,True
calibration-tail-robustness-v1.0.0,19,failed,10,100,100,False,TRIMMED_10PCT,57095.7818861,0.618543046358,0.16,0.9,0.99,False,True
calibration-tail-robustness-v1.0.0,19,failed,10,200|all,119,False,CURRENT_MAX,74186789.2022,0.041059602649,0.04,1,0.99,False,True
calibration-tail-robustness-v1.0.0,19,failed,10,200|all,119,False,STANDARD_CONFORMAL,74186789.2022,0.041059602649,0.04,1,0.99,False,True
calibration-tail-robustness-v1.0.0,19,failed,10,200|all,119,False,TRIMMED_5PCT,79637.7533605,0.235761589404,0.09,0.957983193277,0.99,False,True
calibration-tail-robustness-v1.0.0,19,failed,10,200|all,119,False,TRIMMED_10PCT,57095.7818861,0.618543046358,0.16,0.90756302521,0.99,False,True
calibration-tail-robustness-v1.0.0,19,failed,25,100,100,False,CURRENT_MAX,59488.0548718,0.0940397350993,0.05,1,0.99,False,True
calibration-tail-robustness-v1.0.0,19,failed,25,100,100,False,TRIMMED_5PCT,22962.3389677,0.623841059603,0.09,0.95,0.99,False,True
calibration-tail-robustness-v1.0.0,19,failed,25,100,100,False,TRIMMED_10PCT,10785.6394909,0.654304635762,0.1,0.9,0.99,False,True
calibration-tail-robustness-v1.0.0,19,failed,25,200|all,119,False,CURRENT_MAX,59488.0548718,0.0940397350993,0.05,1,0.99,False,True
calibration-tail-robustness-v1.0.0,19,failed,25,200|all,119,False,STANDARD_CONFORMAL,59488.0548718,0.0940397350993,0.05,1,0.99,False,True
calibration-tail-robustness-v1.0.0,19,failed,25,200|all,119,False,TRIMMED_5PCT,22962.3389677,0.623841059603,0.09,0.957983193277,0.99,False,True
calibration-tail-robustness-v1.0.0,19,failed,25,200|all,119,False,TRIMMED_10PCT,10785.6394909,0.654304635762,0.1,0.90756302521,0.99,False,True
calibration-tail-robustness-v1.0.0,19,failed,50,100,100,False,CURRENT_MAX,11527.6743363,0.0807947019868,0,1,0.99,True,True
calibration-tail-robustness-v1.0.0,19,failed,50,100,100,False,TRIMMED_5PCT,39.0283258952,1,0.04,0.95,0.99,True,True
calibration-tail-robustness-v1.0.0,19,failed,50,100,100,False,TRIMMED_10PCT,33.6316985779,1,0.12,0.9,0.99,True,True
calibration-tail-robustness-v1.0.0,19,failed,50,200|all,119,False,CURRENT_MAX,11527.6743363,0.0807947019868,0,1,0.99,True,True
calibration-tail-robustness-v1.0.0,19,failed,50,200|all,119,False,STANDARD_CONFORMAL,11527.6743363,0.0807947019868,0,1,0.99,True,True
calibration-tail-robustness-v1.0.0,19,failed,50,200|all,119,False,TRIMMED_5PCT,39.0283258952,1,0.04,0.957983193277,0.99,True,True
calibration-tail-robustness-v1.0.0,19,failed,50,200|all,119,False,TRIMMED_10PCT,33.7482648132,1,0.11,0.90756302521,0.99,True,True
calibration-tail-robustness-v1.0.0,19,failed,100,100,100,False,CURRENT_MAX,14276.0297134,0.0264900662252,0,1,0.99,True,True
calibration-tail-robustness-v1.0.0,19,failed,100,100,100,False,TRIMMED_5PCT,39.5082341935,1,0.05,0.95,0.99,True,True
calibration-tail-robustness-v1.0.0,19,failed,100,100,100,False,TRIMMED_10PCT,35.7154138332,1,0.13,0.9,0.99,True,True
calibration-tail-robustness-v1.0.0,19,failed,100,200|all,119,False,CURRENT_MAX,14276.0297134,0.0264900662252,0,1,0.99,True,True
calibration-tail-robustness-v1.0.0,19,failed,100,200|all,119,False,STANDARD_CONFORMAL,14276.0297134,0.0264900662252,0,1,0.99,True,True
calibration-tail-robustness-v1.0.0,19,failed,100,200|all,119,False,TRIMMED_5PCT,39.5082341935,1,0.05,0.957983193277,0.99,True,True
calibration-tail-robustness-v1.0.0,19,failed,100,200|all,119,False,TRIMMED_10PCT,36.5840159095,1,0.08,0.90756302521,0.99,True,True
calibration-tail-robustness-v1.0.0,0,control,10,100,100,False,CURRENT_MAX,1.71408877453e+12,0.0397350993377,0,1,0.99,False,False
calibration-tail-robustness-v1.0.0,0,control,10,100,100,False,TRIMMED_5PCT,11442156.1076,0.181456953642,0.05,0.95,0.99,False,False
calibration-tail-robustness-v1.0.0,0,control,10,100,100,False,TRIMMED_10PCT,558356.944209,0.25298013245,0.09,0.9,0.99,False,False
calibration-tail-robustness-v1.0.0,0,control,10,200|all,119,False,CURRENT_MAX,1.71408877453e+12,0.0397350993377,0,1,0.99,False,False
calibration-tail-robustness-v1.0.0,0,control,10,200|all,119,False,STANDARD_CONFORMAL,1.71408877453e+12,0.0397350993377,0,1,0.99,False,False
calibration-tail-robustness-v1.0.0,0,control,10,200|all,119,False,TRIMMED_5PCT,12759992.0834,0.180132450331,0.04,0.957983193277,0.99,False,False
calibration-tail-robustness-v1.0.0,0,control,10,200|all,119,False,TRIMMED_10PCT,558356.944209,0.25298013245,0.09,0.90756302521,0.99,False,False
calibration-tail-robustness-v1.0.0,0,control,25,100,100,False,CURRENT_MAX,1744318.66909,0.046357615894,0,1,0.99,False,False
calibration-tail-robustness-v1.0.0,0,control,25,100,100,False,TRIMMED_5PCT,49029.2994719,0.668874172185,0.07,0.95,0.99,False,False
calibration-tail-robustness-v1.0.0,0,control,25,100,100,False,TRIMMED_10PCT,1261.57293026,0.708609271523,0.08,0.9,0.99,False,False
calibration-tail-robustness-v1.0.0,0,control,25,200|all,119,False,CURRENT_MAX,1744318.66909,0.046357615894,0,1,0.99,False,False
calibration-tail-robustness-v1.0.0,0,control,25,200|all,119,False,STANDARD_CONFORMAL,1744318.66909,0.046357615894,0,1,0.99,False,False
calibration-tail-robustness-v1.0.0,0,control,25,200|all,119,False,TRIMMED_5PCT,49030.2461836,0.668874172185,0.07,0.957983193277,0.99,False,False
calibration-tail-robustness-v1.0.0,0,control,25,200|all,119,False,TRIMMED_10PCT,4132.10704838,0.696688741722,0.08,0.90756302521,0.99,False,False
calibration-tail-robustness-v1.0.0,0,control,50,100,100,False,CURRENT_MAX,2861674.9187,0.046357615894,0,1,0.99,False,False
calibration-tail-robustness-v1.0.0,0,control,50,100,100,False,TRIMMED_5PCT,859.319027944,0.169536423841,0.04,0.95,0.99,False,False
calibration-tail-robustness-v1.0.0,0,control,50,100,100,False,TRIMMED_10PCT,79.1674323599,1,0.09,0.9,0.99,False,False
calibration-tail-robustness-v1.0.0,0,control,50,200|all,119,False,CURRENT_MAX,2861674.9187,0.046357615894,0,1,0.99,False,False
calibration-tail-robustness-v1.0.0,0,control,50,200|all,119,False,STANDARD_CONFORMAL,2861674.9187,0.046357615894,0,1,0.99,False,False
calibration-tail-robustness-v1.0.0,0,control,50,200|all,119,False,TRIMMED_5PCT,1430.84550641,0.150993377483,0.03,0.957983193277,0.99,False,False
calibration-tail-robustness-v1.0.0,0,control,50,200|all,119,False,TRIMMED_10PCT,79.1674323599,1,0.09,0.90756302521,0.99,False,False
calibration-tail-robustness-v1.0.0,0,control,100,100,100,False,CURRENT_MAX,64941.7918871,0.0450331125828,0,1,0.99,False,False
calibration-tail-robustness-v1.0.0,0,control,100,100,100,False,TRIMMED_5PCT,167.96044832,1,0.02,0.95,0.99,False,False
calibration-tail-robustness-v1.0.0,0,control,100,100,100,False,TRIMMED_10PCT,40.3606052923,1,0.05,0.9,0.99,False,False
calibration-tail-robustness-v1.0.0,0,control,100,200|all,119,False,CURRENT_MAX,64941.7918871,0.0450331125828,0,1,0.99,False,False
calibration-tail-robustness-v1.0.0,0,control,100,200|all,119,False,STANDARD_CONFORMAL,64941.7918871,0.0450331125828,0,1,0.99,False,False
calibration-tail-robustness-v1.0.0,0,control,100,200|all,119,False,TRIMMED_5PCT,167.96044832,1,0.02,0.957983193277,0.99,False,False
calibration-tail-robustness-v1.0.0,0,control,100,200|all,119,False,TRIMMED_10PCT,39.9183870166,1,0.05,0.90756302521,0.99,False,False
calibration-tail-robustness-v1.0.0,3,control,10,100,100,False,CURRENT_MAX,66573.6280473,0.471523178808,0.01,1,0.99,False,False
calibration-tail-robustness-v1.0.0,3,control,10,100,100,False,TRIMMED_5PCT,22217.4924276,0.696688741722,0.12,0.95,0.99,False,False
calibration-tail-robustness-v1.0.0,3,control,10,100,100,False,TRIMMED_10PCT,16663.8405141,0.709933774834,0.18,0.9,0.99,False,False
calibration-tail-robustness-v1.0.0,3,control,10,200|all,119,False,CURRENT_MAX,13638331.2375,0.0397350993377,0,1,0.99,False,False
calibration-tail-robustness-v1.0.0,3,control,10,200|all,119,False,STANDARD_CONFORMAL,13638331.2375,0.0397350993377,0,1,0.99,False,False
calibration-tail-robustness-v1.0.0,3,control,10,200|all,119,False,TRIMMED_5PCT,62897.689221,0.671523178808,0.11,0.957983193277,0.99,False,False
calibration-tail-robustness-v1.0.0,3,control,10,200|all,119,False,TRIMMED_10PCT,22216.1130889,0.704635761589,0.16,0.90756302521,0.99,False,False
calibration-tail-robustness-v1.0.0,3,control,25,100,100,False,CURRENT_MAX,69841.4042328,0.409271523179,0.01,1,0.99,False,False
calibration-tail-robustness-v1.0.0,3,control,25,100,100,False,TRIMMED_5PCT,17460.2942499,0.684768211921,0.11,0.95,0.99,False,False
calibration-tail-robustness-v1.0.0,3,control,25,100,100,False,TRIMMED_10PCT,155.5936847,0.98940397351,0.2,0.9,0.99,False,False
calibration-tail-robustness-v1.0.0,3,control,25,200|all,119,False,CURRENT_MAX,24950466.3414,0.0397350993377,0,1,0.99,False,False
calibration-tail-robustness-v1.0.0,3,control,25,200|all,119,False,STANDARD_CONFORMAL,24950466.3414,0.0397350993377,0,1,0.99,False,False
calibration-tail-robustness-v1.0.0,3,control,25,200|all,119,False,TRIMMED_5PCT,69835.0345743,0.651655629139,0.11,0.957983193277,0.99,False,False
calibration-tail-robustness-v1.0.0,3,control,25,200|all,119,False,TRIMMED_10PCT,155.5936847,0.98940397351,0.2,0.90756302521,0.99,False,False
calibration-tail-robustness-v1.0.0,3,control,50,100,100,False,CURRENT_MAX,973.61806899,0.141721854305,0.01,1,0.99,False,False
calibration-tail-robustness-v1.0.0,3,control,50,100,100,False,TRIMMED_5PCT,47.1678612553,1,0.1,0.95,0.99,False,False
calibration-tail-robustness-v1.0.0,3,control,50,100,100,False,TRIMMED_10PCT,36.0828640959,1,0.15,0.9,0.99,False,False
calibration-tail-robustness-v1.0.0,3,control,50,200|all,119,False,CURRENT_MAX,2813487.02375,0.0423841059603,0,1,0.99,False,False
calibration-tail-robustness-v1.0.0,3,control,50,200|all,119,False,STANDARD_CONFORMAL,2813487.02375,0.0423841059603,0,1,0.99,False,False
calibration-tail-robustness-v1.0.0,3,control,50,200|all,119,False,TRIMMED_5PCT,67.2778762429,1,0.07,0.957983193277,0.99,False,False
calibration-tail-robustness-v1.0.0,3,control,50,200|all,119,False,TRIMMED_10PCT,36.1167104096,1,0.15,0.90756302521,0.99,False,False
calibration-tail-robustness-v1.0.0,3,control,100,100,100,False,CURRENT_MAX,80.6933911174,1,0.04,1,0.99,False,False
calibration-tail-robustness-v1.0.0,3,control,100,100,100,False,TRIMMED_5PCT,45.6733643893,1,0.07,0.95,0.99,False,False
calibration-tail-robustness-v1.0.0,3,control,100,100,100,False,TRIMMED_10PCT,35.8085009203,1,0.11,0.9,0.99,False,False
calibration-tail-robustness-v1.0.0,3,control,100,200|all,119,False,CURRENT_MAX,36619.2845211,0.046357615894,0,1,0.99,False,False
calibration-tail-robustness-v1.0.0,3,control,100,200|all,119,False,STANDARD_CONFORMAL,36619.2845211,0.046357615894,0,1,0.99,False,False
calibration-tail-robustness-v1.0.0,3,control,100,200|all,119,False,TRIMMED_5PCT,46.3428824256,1,0.07,0.957983193277,0.99,False,False
calibration-tail-robustness-v1.0.0,3,control,100,200|all,119,False,TRIMMED_10PCT,36.012923108,1,0.11,0.90756302521,0.99,False,False
calibration-tail-robustness-v1.0.0,13,control,10,100,100,False,CURRENT_MAX,84554073823.6,0.0238410596026,0,1,0.99,False,False
calibration-tail-robustness-v1.0.0,13,control,10,100,100,False,TRIMMED_5PCT,90106.591317,0.119205298013,0.08,0.95,0.99,False,False
calibration-tail-robustness-v1.0.0,13,control,10,100,100,False,TRIMMED_10PCT,2249.52563305,0.174834437086,0.14,0.9,0.99,False,False
calibration-tail-robustness-v1.0.0,13,control,10,200|all,119,False,CURRENT_MAX,84554073823.6,0.0238410596026,0,1,0.99,False,False
calibration-tail-robustness-v1.0.0,13,control,10,200|all,119,False,STANDARD_CONFORMAL,84554073823.6,0.0238410596026,0,1,0.99,False,False
calibration-tail-robustness-v1.0.0,13,control,10,200|all,119,False,TRIMMED_5PCT,169069.250046,0.113907284768,0.08,0.957983193277,0.99,False,False
calibration-tail-robustness-v1.0.0,13,control,10,200|all,119,False,TRIMMED_10PCT,21147.637307,0.133774834437,0.11,0.90756302521,0.99,False,False
calibration-tail-robustness-v1.0.0,13,control,25,100,100,False,CURRENT_MAX,50409512.8716,0.0490066225166,0,1,0.99,False,False
calibration-tail-robustness-v1.0.0,13,control,25,100,100,False,TRIMMED_5PCT,295.678119315,0.288741721854,0.14,0.95,0.99,False,False
calibration-tail-robustness-v1.0.0,13,control,25,100,100,False,TRIMMED_10PCT,118.338398314,1,0.16,0.9,0.99,False,False
calibration-tail-robustness-v1.0.0,13,control,25,200|all,119,False,CURRENT_MAX,50409512.8716,0.0490066225166,0,1,0.99,False,False
calibration-tail-robustness-v1.0.0,13,control,25,200|all,119,False,STANDARD_CONFORMAL,50409512.8716,0.0490066225166,0,1,0.99,False,False
calibration-tail-robustness-v1.0.0,13,control,25,200|all,119,False,TRIMMED_5PCT,562.917685501,0.230463576159,0.12,0.957983193277,0.99,False,False
calibration-tail-robustness-v1.0.0,13,control,25,200|all,119,False,TRIMMED_10PCT,143.981059564,1,0.16,0.90756302521,0.99,False,False
calibration-tail-robustness-v1.0.0,13,control,50,100,100,False,CURRENT_MAX,23628.8042874,0.0569536423841,0,1,0.99,False,False
calibration-tail-robustness-v1.0.0,13,control,50,100,100,False,TRIMMED_5PCT,160.062888135,1,0.1,0.95,0.99,False,False
calibration-tail-robustness-v1.0.0,13,control,50,100,100,False,TRIMMED_10PCT,65.5737913193,1,0.16,0.9,0.99,False,False
calibration-tail-robustness-v1.0.0,13,control,50,200|all,119,False,CURRENT_MAX,23628.8042874,0.0569536423841,0,1,0.99,False,False
calibration-tail-robustness-v1.0.0,13,control,50,200|all,119,False,STANDARD_CONFORMAL,23628.8042874,0.0569536423841,0,1,0.99,False,False
calibration-tail-robustness-v1.0.0,13,control,50,200|all,119,False,TRIMMED_5PCT,322.767294202,0.233112582781,0.08,0.957983193277,0.99,False,False
calibration-tail-robustness-v1.0.0,13,control,50,200|all,119,False,TRIMMED_10PCT,101.300764455,1,0.13,0.90756302521,0.99,False,False
calibration-tail-robustness-v1.0.0,13,control,100,100,100,False,CURRENT_MAX,37116.0049364,0.046357615894,0,1,0.99,False,False
calibration-tail-robustness-v1.0.0,13,control,100,100,100,False,TRIMMED_5PCT,38.9242043213,1,0.07,0.95,0.99,False,False
calibration-tail-robustness-v1.0.0,13,control,100,100,100,False,TRIMMED_10PCT,35.7742569994,1,0.14,0.9,0.99,False,False
calibration-tail-robustness-v1.0.0,13,control,100,200|all,119,False,CURRENT_MAX,37116.0049364,0.046357615894,0,1,0.99,False,False
calibration-tail-robustness-v1.0.0,13,control,100,200|all,119,False,STANDARD_CONFORMAL,37116.0049364,0.046357615894,0,1,0.99,False,False
calibration-tail-robustness-v1.0.0,13,control,100,200|all,119,False,TRIMMED_5PCT,42.0360761787,1,0.05,0.957983193277,0.99,False,False
calibration-tail-robustness-v1.0.0,13,control,100,200|all,119,False,TRIMMED_10PCT,37.2664300454,1,0.09,0.90756302521,0.99,False,False
