detector,commissioning_size,seed,false_positive_rate,recall,success,threshold,retained_features,target_weight
TargetOnly,10,0,0.0,0.0,False,19777.895552805126,528,
SourceOnly,10,0,0.17,0.9655629139072848,False,39.118603798051595,540,
Pooled,10,0,0.01,0.5245033112582781,False,59.187671106927034,542,
RACE,10,0,0.03,0.7284768211920529,False,37.69151041975613,542,0.14285714285714285
TargetOnly,10,1,0.02,0.5774834437086093,False,16101.414958798001,529,
SourceOnly,10,1,0.05,0.9364238410596026,False,40.254469015911404,540,
Pooled,10,1,0.07,0.9986754966887417,False,34.392080324559096,542,
RACE,10,1,0.05,0.9417218543046357,False,32.264386557628605,542,0.14285714285714285
TargetOnly,10,2,0.11,1.0,False,37.900975196812055,526,
SourceOnly,10,2,0.19,0.976158940397351,False,38.46094335629077,540,
Pooled,10,2,0.0,0.543046357615894,False,56.46081246631266,542,
RACE,10,2,0.0,0.5774834437086093,False,48.028020253414596,542,0.14285714285714285
TargetOnly,10,3,0.0,0.14437086092715232,False,24792.979909439357,528,
SourceOnly,10,3,0.11,0.9655629139072848,False,39.16652654068306,540,
Pooled,10,3,0.0,0.5350993377483444,False,57.72680940752407,542,
RACE,10,3,0.04,0.7509933774834437,False,37.40365363575918,542,0.14285714285714285
TargetOnly,10,4,0.0,0.0,False,21619.43575901564,522,
SourceOnly,10,4,0.12,0.9655629139072848,False,39.240820885874165,540,
Pooled,10,4,0.01,0.5456953642384106,False,56.43843854723388,542,
RACE,10,4,0.02,0.5841059602649007,False,49.86718897459227,542,0.14285714285714285
TargetOnly,10,5,0.02,1.0,False,47.11712279180244,527,
SourceOnly,10,5,0.05,0.9311258278145695,False,40.33084436530419,540,
Pooled,10,5,0.48,1.0,False,28.668726244401103,542,
RACE,10,5,0.13,0.9245033112582781,False,33.124888824602436,542,0.14285714285714285
TargetOnly,10,6,0.52,1.0,False,42.70986133514476,526,
SourceOnly,10,6,0.2,0.9735099337748344,False,38.65502288543322,540,
Pooled,10,6,0.12,1.0,False,34.266268513455245,542,
RACE,10,6,0.11,0.7880794701986755,False,37.75153589176407,542,0.14285714285714285
TargetOnly,10,7,0.3,0.7589403973509934,False,17534.706683214303,527,
SourceOnly,10,7,0.0,0.8529801324503311,False,42.26305143881004,540,
Pooled,10,7,0.0,0.41589403973509936,False,68.50685416891322,542,
RACE,10,7,0.0,0.5695364238410596,False,44.30722806854791,542,0.14285714285714285
TargetOnly,10,8,0.0,0.0,False,24139.13250091099,527,
SourceOnly,10,8,0.0,0.49933774834437084,False,62.880289611075206,540,
Pooled,10,8,0.0,0.5761589403973509,False,58.77063628630815,542,
RACE,10,8,0.0,0.3562913907284768,False,60.09641381610903,542,0.14285714285714285
TargetOnly,10,9,0.08,1.0,False,36.906101777231854,529,
SourceOnly,10,9,0.1,0.9655629139072848,False,39.118603798051595,540,
Pooled,10,9,0.0,0.49933774834437084,False,61.80312763810776,542,
RACE,10,9,0.01,0.7019867549668874,False,38.94137636146712,542,0.14285714285714285
TargetOnly,10,10,0.09,1.0,False,47.01820323462521,528,
SourceOnly,10,10,0.0,0.49933774834437084,False,62.880289611075206,540,
Pooled,10,10,0.0,0.7152317880794702,False,45.919936845349,542,
RACE,10,10,0.0,0.4251655629139073,False,54.105161823348936,542,0.14285714285714285
TargetOnly,10,11,0.07,1.0,False,48.77940985128496,529,
SourceOnly,10,11,0.11,0.9629139072847682,False,39.397059055449624,540,
Pooled,10,11,0.01,0.6913907284768211,False,46.926451206059895,542,
RACE,10,11,0.01,0.9019867549668874,True,32.89546766257071,542,0.14285714285714285
TargetOnly,10,12,0.08,0.5748344370860927,False,23963.292148628803,529,
SourceOnly,10,12,0.04,0.8993377483443709,False,41.12913731213414,540,
Pooled,10,12,0.09,1.0,False,33.80825294302252,542,
RACE,10,12,0.1,0.9602649006622517,False,31.72102921902629,542,0.14285714285714285
TargetOnly,10,13,0.0,0.0,False,15478.551250785076,528,
SourceOnly,10,13,0.04,0.9125827814569536,False,40.78259704807296,540,
Pooled,10,13,0.0,0.4596026490066225,False,65.70616239661747,542,
RACE,10,13,0.01,0.6384105960264901,False,40.00207252804278,542,0.14285714285714285
TargetOnly,10,14,0.05,0.5695364238410596,False,20370.00558438204,528,
SourceOnly,10,14,0.02,0.7814569536423841,False,43.99057039074646,540,
Pooled,10,14,0.0,0.46225165562913906,False,65.16110661527257,542,
RACE,10,14,0.03,0.7152317880794702,False,35.17179653174169,542,0.14285714285714285
TargetOnly,10,15,0.19,1.0,False,41.120363487594815,530,
SourceOnly,10,15,0.11,0.9655629139072848,False,39.240820885874165,540,
Pooled,10,15,0.08,1.0,False,33.30716004302101,542,
RACE,10,15,0.09,0.9986754966887417,False,29.1815143783346,542,0.14285714285714285
TargetOnly,10,16,0.0,0.0013245033112582781,False,17217.776592585193,529,
SourceOnly,10,16,0.14,0.9655629139072848,False,39.05345119003597,540,
Pooled,10,16,0.11,1.0,False,31.79976719473006,542,
RACE,10,16,0.13,0.9867549668874173,False,30.516036067396314,542,0.14285714285714285
TargetOnly,10,17,0.0,0.0,False,24778.68833432409,529,
SourceOnly,10,17,0.1,0.9589403973509933,False,39.489165061874935,540,
Pooled,10,17,0.0,0.44900662251655626,False,66.2821781548046,542,
RACE,10,17,0.01,0.6410596026490066,False,40.23250032407157,542,0.14285714285714285
TargetOnly,10,18,0.0,0.1456953642384106,False,23716.5386025224,530,
SourceOnly,10,18,0.02,0.9112582781456954,False,40.794222123774105,540,
Pooled,10,18,0.14,1.0,False,31.603540108707264,542,
RACE,10,18,0.12,0.9390728476821192,False,32.94204425767429,542,0.14285714285714285
TargetOnly,10,19,0.12,1.0,False,49.28390724472228,527,
SourceOnly,10,19,0.02,0.7827814569536424,False,43.911866291278244,540,
Pooled,10,19,0.0,0.45165562913907287,False,65.96039356723433,542,
RACE,10,19,0.02,0.6198675496688741,False,42.14095959360975,542,0.14285714285714285
TargetOnly,25,0,0.0,0.0013245033112582781,False,21626.94105255706,531,
SourceOnly,25,0,0.12,0.9218543046357616,False,40.452673422314525,540,
Pooled,25,0,0.04,0.919205298013245,False,39.565712744317686,542,
RACE,25,0,0.05,0.9973509933774835,False,27.925336590112174,542,0.29411764705882354
TargetOnly,25,1,0.01,1.0,True,42.35081008140362,529,
SourceOnly,25,1,0.06,0.9364238410596026,False,40.254469015911404,540,
Pooled,25,1,0.09,1.0,False,30.410599403362635,542,
RACE,25,1,0.07,0.9986754966887417,False,27.443439253582792,542,0.29411764705882354
TargetOnly,25,2,0.13,1.0,False,38.96814353731963,531,
SourceOnly,25,2,0.03,0.9125827814569536,False,40.78259704807296,540,
Pooled,25,2,0.01,0.9735099337748344,True,37.40923609790004,542,
RACE,25,2,0.05,0.9986754966887417,False,27.135147543639956,542,0.29411764705882354
TargetOnly,25,3,0.0,0.0013245033112582781,False,28025.798434022483,530,
SourceOnly,25,3,0.0,0.5364238410596026,False,58.514499212873325,540,
Pooled,25,3,0.0,0.7019867549668874,False,46.12700283644683,542,
RACE,25,3,0.0,0.7324503311258278,False,35.00175290306535,542,0.29411764705882354
TargetOnly,25,4,0.08,1.0,False,103.89465620348889,530,
SourceOnly,25,4,0.01,0.7814569536423841,False,43.99057039074646,540,
Pooled,25,4,0.01,0.9721854304635762,True,37.6278224106164,542,
RACE,25,4,0.01,0.7894039735099337,False,33.81812503830788,542,0.29411764705882354
TargetOnly,25,5,0.08,1.0,False,37.5312656333116,533,
SourceOnly,25,5,0.06,0.9311258278145695,False,40.33084436530419,540,
Pooled,25,5,0.0,0.7682119205298014,False,44.14596801062815,542,
RACE,25,5,0.02,0.9986754966887417,False,28.947458715049557,542,0.29411764705882354
TargetOnly,25,6,0.16,1.0,False,38.74440982969733,530,
SourceOnly,25,6,0.24,0.9735099337748344,False,38.65502288543322,540,
Pooled,25,6,0.02,0.9668874172185431,False,37.903118834993506,542,
RACE,25,6,0.04,0.9973509933774835,False,29.85043849259659,542,0.29411764705882354
TargetOnly,25,7,0.14,1.0,False,35.32374549968558,529,
SourceOnly,25,7,0.0,0.8529801324503311,False,42.26305143881004,540,
Pooled,25,7,0.0,0.8993377483443709,False,39.957910962337564,542,
RACE,25,7,0.02,0.9973509933774835,False,28.091997369095665,542,0.29411764705882354
TargetOnly,25,8,0.0,0.0,False,30050.240138151414,532,
SourceOnly,25,8,0.0,0.49933774834437084,False,62.880289611075206,540,
Pooled,25,8,0.0,0.5006622516556292,False,57.54184212193028,542,
RACE,25,8,0.0,0.35496688741721855,False,56.68476036134241,542,0.29411764705882354
TargetOnly,25,9,0.07,1.0,False,35.14472271669562,532,
SourceOnly,25,9,0.09,0.9536423841059603,False,39.698922242239455,540,
Pooled,25,9,0.01,0.7509933774834437,False,45.10002359525419,542,
RACE,25,9,0.01,0.9986754966887417,True,28.808328034928767,542,0.29411764705882354
TargetOnly,25,10,0.0,0.0,False,23067.512962402627,534,
SourceOnly,25,10,0.0,0.49933774834437084,False,62.880289611075206,540,
Pooled,25,10,0.0,0.8039735099337748,False,42.30536249865026,542,
RACE,25,10,0.0,0.8437086092715231,False,32.41749576378927,542,0.29411764705882354
TargetOnly,25,11,0.08,1.0,False,41.44851834856264,531,
SourceOnly,25,11,0.0,0.5086092715231788,False,61.9680020221807,540,
Pooled,25,11,0.0,0.4728476821192053,False,59.22942579670706,542,
RACE,25,11,0.0,0.3403973509933775,False,56.70341474037073,542,0.29411764705882354
TargetOnly,25,12,0.0,0.0,False,25085.41876192157,532,
SourceOnly,25,12,0.04,0.8993377483443709,False,41.12913731213414,540,
Pooled,25,12,0.1,1.0,False,30.47585828958846,542,
RACE,25,12,0.1,0.9986754966887417,False,26.724461688334017,542,0.29411764705882354
TargetOnly,25,13,0.0,0.0,False,21706.98937729787,529,
SourceOnly,25,13,0.04,0.9125827814569536,False,40.78259704807296,540,
Pooled,25,13,0.03,0.990728476821192,False,36.047589392722955,542,
RACE,25,13,0.04,0.9986754966887417,False,28.209056280413822,542,0.29411764705882354
TargetOnly,25,14,0.08,1.0,False,55.16087951298678,532,
SourceOnly,25,14,0.02,0.7814569536423841,False,43.99057039074646,540,
Pooled,25,14,0.03,0.9788079470198675,False,37.195947690688506,542,
RACE,25,14,0.02,0.8834437086092716,False,29.838493003193122,542,0.29411764705882354
TargetOnly,25,15,0.01,1.0,True,40.64401474140617,533,
SourceOnly,25,15,0.0,0.5086092715231788,False,61.9680020221807,540,
Pooled,25,15,0.0,0.47019867549668876,False,59.5359009085243,542,
RACE,25,15,0.0,0.33112582781456956,False,58.176156471771705,542,0.29411764705882354
TargetOnly,25,16,0.22,1.0,False,36.718916274491626,533,
SourceOnly,25,16,0.0,0.5364238410596026,False,58.514499212873325,540,
Pooled,25,16,0.0,0.5165562913907285,False,56.29147997804182,542,
RACE,25,16,0.0,0.34966887417218545,False,53.554120755662304,542,0.29411764705882354
TargetOnly,25,17,0.0,0.0,False,8163.906277892646,530,
SourceOnly,25,17,0.09,0.9576158940397351,False,39.54237163613738,540,
Pooled,25,17,0.01,0.7112582781456953,False,46.03980810163894,542,
RACE,25,17,0.01,0.937748344370861,True,31.20194817157214,542,0.29411764705882354
TargetOnly,25,18,0.01,1.0,True,40.044331385087894,532,
SourceOnly,25,18,0.02,0.9112582781456954,False,40.794222123774105,540,
Pooled,25,18,0.0,0.776158940397351,False,43.586105877222394,542,
RACE,25,18,0.01,0.9960264900662251,True,29.446640466153433,542,0.29411764705882354
TargetOnly,25,19,0.15,1.0,False,39.82743798028628,531,
SourceOnly,25,19,0.02,0.7827814569536424,False,43.911866291278244,540,
Pooled,25,19,0.02,0.9748344370860927,False,37.664762967949194,542,
RACE,25,19,0.02,0.9947019867549669,False,29.95177864824451,542,0.29411764705882354
TargetOnly,50,0,0.0,1.0,True,58.7008402620024,532,
SourceOnly,50,0,0.05,0.8543046357615894,False,42.22916597679238,540,
Pooled,50,0,0.06,0.9986754966887417,False,32.72702283098587,542,
RACE,50,0,0.06,1.0,False,25.66680244237315,542,0.45454545454545453
TargetOnly,50,1,0.02,1.0,False,57.845645663112194,532,
SourceOnly,50,1,0.0,0.7827814569536424,False,43.911866291278244,540,
Pooled,50,1,0.0,0.9735099337748344,True,36.91295583093008,542,
RACE,50,1,0.01,1.0,True,27.085537550376465,542,0.45454545454545453
TargetOnly,50,2,0.03,1.0,False,38.673282965039476,531,
SourceOnly,50,2,0.01,0.8543046357615894,False,42.22916597679238,540,
Pooled,50,2,0.04,1.0,False,31.970292621111483,542,
RACE,50,2,0.02,1.0,False,26.8986671919641,542,0.45454545454545453
TargetOnly,50,3,0.02,1.0,False,56.2515210458389,532,
SourceOnly,50,3,0.0,0.5364238410596026,False,58.514499212873325,540,
Pooled,50,3,0.0,0.7059602649006622,False,44.432875728315,542,
RACE,50,3,0.0,0.7496688741721854,False,35.04794575450078,542,0.45454545454545453
TargetOnly,50,4,0.01,1.0,True,70.65880897866094,531,
SourceOnly,50,4,0.01,0.7814569536423841,False,43.99057039074646,540,
Pooled,50,4,0.02,0.9947019867549669,False,34.89531337672652,542,
RACE,50,4,0.02,0.9483443708609272,False,32.11909753997679,542,0.45454545454545453
TargetOnly,50,5,0.01,1.0,True,59.625069182773224,533,
SourceOnly,50,5,0.1,0.9311258278145695,False,40.33084436530419,540,
Pooled,50,5,0.01,0.9933774834437086,True,34.98652546473904,542,
RACE,50,5,0.05,1.0,False,26.094935838184313,542,0.45454545454545453
TargetOnly,50,6,0.05,1.0,False,38.0901631845044,533,
SourceOnly,50,6,0.01,0.5086092715231788,False,61.9680020221807,540,
Pooled,50,6,0.0,0.4688741721854305,False,59.20605607151913,542,
RACE,50,6,0.0,0.3205298013245033,False,62.22432060548763,542,0.45454545454545453
TargetOnly,50,7,0.0,0.0,False,36331.2047154309,531,
SourceOnly,50,7,0.0,0.8529801324503311,False,42.26305143881004,540,
Pooled,50,7,0.01,1.0,True,31.39600542189272,542,
RACE,50,7,0.04,1.0,False,25.523365444932946,542,0.45454545454545453
TargetOnly,50,8,0.0,1.0,True,43.62096249731819,532,
SourceOnly,50,8,0.0,0.49933774834437084,False,62.880289611075206,540,
Pooled,50,8,0.0,0.7086092715231788,False,44.13723423716383,542,
RACE,50,8,0.0,0.7894039735099337,False,36.35401300116587,542,0.45454545454545453
TargetOnly,50,9,0.0,1.0,True,38.08473248787124,535,
SourceOnly,50,9,0.0,0.49933774834437084,False,62.880289611075206,540,
Pooled,50,9,0.0,0.4900662251655629,False,57.6264861387622,542,
RACE,50,9,0.0,0.33642384105960266,False,60.07007482806225,542,0.45454545454545453
TargetOnly,50,10,0.02,1.0,False,58.534643654160405,534,
SourceOnly,50,10,0.0,0.49933774834437084,False,62.880289611075206,540,
Pooled,50,10,0.0,0.7973509933774835,False,41.479397034922016,542,
RACE,50,10,0.01,0.9483443708609272,True,32.19796903075707,542,0.45454545454545453
TargetOnly,50,11,0.01,1.0,True,39.894583531671785,534,
SourceOnly,50,11,0.0,0.5086092715231788,False,61.9680020221807,540,
Pooled,50,11,0.0,0.46225165562913906,False,59.39367837975065,542,
RACE,50,11,0.0,0.32317880794701986,False,61.9925748188029,542,0.45454545454545453
TargetOnly,50,12,0.06,1.0,False,34.818333219858495,533,
SourceOnly,50,12,0.05,0.8993377483443709,False,41.12913731213414,540,
Pooled,50,12,0.02,0.9788079470198675,False,36.55251868966344,542,
RACE,50,12,0.04,1.0,False,25.893294437490503,542,0.45454545454545453
TargetOnly,50,13,0.03,1.0,False,39.97330412529484,532,
SourceOnly,50,13,0.02,0.7827814569536424,False,43.911866291278244,540,
Pooled,50,13,0.05,0.9986754966887417,False,33.08480227857817,542,
RACE,50,13,0.03,0.9986754966887417,False,28.019991778811598,542,0.45454545454545453
TargetOnly,50,14,0.0,1.0,True,64.53916196396342,534,
SourceOnly,50,14,0.01,0.5364238410596026,False,58.514499212873325,540,
Pooled,50,14,0.0,0.5059602649006623,False,56.255743892512164,542,
RACE,50,14,0.0,0.31788079470198677,False,55.595554435513606,542,0.45454545454545453
TargetOnly,50,15,0.01,1.0,True,39.286624176593186,534,
SourceOnly,50,15,0.0,0.5086092715231788,False,61.9680020221807,540,
Pooled,50,15,0.0,0.4688741721854305,False,58.92970371047046,542,
RACE,50,15,0.0,0.3205298013245033,False,62.566065291617114,542,0.45454545454545453
TargetOnly,50,16,0.01,1.0,True,56.603803209367896,534,
SourceOnly,50,16,0.0,0.5364238410596026,False,58.514499212873325,540,
Pooled,50,16,0.0,0.5125827814569537,False,55.630415013865566,542,
RACE,50,16,0.0,0.33642384105960266,False,58.22161549427307,542,0.45454545454545453
TargetOnly,50,17,0.0,0.0,False,11866.22571603398,532,
SourceOnly,50,17,0.04,0.9112582781456954,False,40.794222123774105,540,
Pooled,50,17,0.01,0.9960264900662251,True,34.51884202399474,542,
RACE,50,17,0.01,0.9139072847682119,True,32.935696188937406,542,0.45454545454545453
TargetOnly,50,18,0.02,1.0,False,37.843371537559165,532,
SourceOnly,50,18,0.04,0.9112582781456954,False,40.794222123774105,540,
Pooled,50,18,0.01,0.9947019867549669,True,34.86721126061976,542,
RACE,50,18,0.02,0.9986754966887417,False,27.278036155945387,542,0.45454545454545453
TargetOnly,50,19,0.0,1.0,True,86.75285406259573,534,
SourceOnly,50,19,0.02,0.7827814569536424,False,43.911866291278244,540,
Pooled,50,19,0.02,0.9986754966887417,False,34.03391211462478,542,
RACE,50,19,0.02,1.0,False,27.593692635082554,542,0.45454545454545453
TargetOnly,100,0,0.0,1.0,True,87.79742781916116,533,
SourceOnly,100,0,0.0,0.49933774834437084,False,62.880289611075206,540,
Pooled,100,0,0.0,0.7470198675496689,False,42.08584111580932,542,
RACE,100,0,0.0,0.9390728476821192,True,35.48067440443278,542,0.625
TargetOnly,100,1,0.0,0.0,False,14944.349426325156,533,
SourceOnly,100,1,0.02,0.7827814569536424,False,43.911866291278244,540,
Pooled,100,1,0.02,0.9933774834437086,False,34.58067780622693,542,
RACE,100,1,0.01,0.8092715231788079,False,37.64754221244227,542,0.625
TargetOnly,100,2,0.01,1.0,True,45.390222877519996,532,
SourceOnly,100,2,0.01,0.7827814569536424,False,43.911866291278244,540,
Pooled,100,2,0.02,1.0,False,31.566105389420574,542,
RACE,100,2,0.02,1.0,False,29.900564734448583,542,0.625
TargetOnly,100,3,0.0,0.0,False,13749.035391882298,533,
SourceOnly,100,3,0.01,0.5364238410596026,False,58.514499212873325,540,
Pooled,100,3,0.0,0.7059602649006622,False,43.609162171059616,542,
RACE,100,3,0.0,0.7801324503311259,False,36.81738037154053,542,0.625
TargetOnly,100,4,0.01,1.0,True,80.85722409928525,534,
SourceOnly,100,4,0.01,0.5364238410596026,False,58.514499212873325,540,
Pooled,100,4,0.0,0.5059602649006623,False,56.17933193506894,542,
RACE,100,4,0.0,0.3125827814569536,False,68.2025676473358,542,0.625
TargetOnly,100,5,0.0,0.0,False,14016.969350750327,534,
SourceOnly,100,5,0.02,0.7827814569536424,False,43.911866291278244,540,
Pooled,100,5,0.03,0.9933774834437086,False,34.643533308928596,542,
RACE,100,5,0.02,0.8092715231788079,False,37.97286752563633,542,0.625
TargetOnly,100,6,0.0,1.0,True,115.27728943023746,533,
SourceOnly,100,6,0.01,0.5086092715231788,False,61.9680020221807,540,
Pooled,100,6,0.0,0.4675496688741722,False,58.83126976568649,542,
RACE,100,6,0.0,0.3072847682119205,False,69.71949530346004,542,0.625
TargetOnly,100,7,0.0,0.0,False,13675.229288467248,532,
SourceOnly,100,7,0.02,0.8529801324503311,False,42.26305143881004,540,
Pooled,100,7,0.01,0.9894039735099338,True,35.07632864538727,542,
RACE,100,7,0.01,0.7960264900662252,False,39.03419079271603,542,0.625
TargetOnly,100,8,0.01,1.0,True,44.74512219681531,533,
SourceOnly,100,8,0.0,0.49933774834437084,False,62.880289611075206,540,
Pooled,100,8,0.0,0.6887417218543046,False,44.47520208525006,542,
RACE,100,8,0.0,0.8251655629139073,False,39.42195855194921,542,0.625
TargetOnly,100,9,0.01,1.0,True,39.15018743926195,534,
SourceOnly,100,9,0.0,0.49933774834437084,False,62.880289611075206,540,
Pooled,100,9,0.0,0.4675496688741722,False,58.15763143677743,542,
RACE,100,9,0.0,0.30993377483443707,False,70.32532419737471,542,0.625
TargetOnly,100,10,0.0,0.0,False,13304.316928896838,534,
SourceOnly,100,10,0.0,0.49933774834437084,False,62.880289611075206,540,
Pooled,100,10,0.0,0.785430463576159,False,41.14995337057165,542,
RACE,100,10,0.0,0.7695364238410596,False,38.54721499528125,542,0.625
TargetOnly,100,11,0.01,1.0,True,62.83512691466415,534,
SourceOnly,100,11,0.0,0.5086092715231788,False,61.9680020221807,540,
Pooled,100,11,0.0,0.4609271523178808,False,58.877060882665994,542,
RACE,100,11,0.0,0.3086092715231788,False,71.27198691833306,542,0.625
TargetOnly,100,12,0.01,1.0,True,42.19463681662845,534,
SourceOnly,100,12,0.0,0.5086092715231788,False,61.9680020221807,540,
Pooled,100,12,0.0,0.6662251655629139,False,45.45214260172983,542,
RACE,100,12,0.0,0.7655629139072848,False,38.42222624165071,542,0.625
TargetOnly,100,13,0.0,0.0,False,12964.932901373271,533,
SourceOnly,100,13,0.01,0.5364238410596026,False,58.514499212873325,540,
Pooled,100,13,0.0,0.5046357615894039,False,56.29856365654574,542,
RACE,100,13,0.0,0.3072847682119205,False,67.73275214108376,542,0.625
TargetOnly,100,14,0.0,1.0,True,77.174944599365,534,
SourceOnly,100,14,0.02,0.5364238410596026,False,58.514499212873325,540,
Pooled,100,14,0.0,0.49933774834437084,False,56.16680183090769,542,
RACE,100,14,0.0,0.30993377483443707,False,67.26106252872256,542,0.625
TargetOnly,100,15,0.0,1.0,True,42.322140422830756,535,
SourceOnly,100,15,0.01,0.5086092715231788,False,61.9680020221807,540,
Pooled,100,15,0.0,0.46357615894039733,False,58.96271319588349,542,
RACE,100,15,0.0,0.3086092715231788,False,71.45626009565919,542,0.625
TargetOnly,100,16,0.04,1.0,False,38.698361225027774,535,
SourceOnly,100,16,0.01,0.5364238410596026,False,58.514499212873325,540,
Pooled,100,16,0.0,0.5086092715231788,False,56.05256280116994,542,
RACE,100,16,0.0,0.3165562913907285,False,68.82701623161626,542,0.625
TargetOnly,100,17,0.0,0.0,False,13442.8728199422,534,
SourceOnly,100,17,0.01,0.6119205298013245,False,51.03482439502576,540,
Pooled,100,17,0.0,0.6516556291390728,False,46.52440042023889,543,
RACE,100,17,0.0,0.45165562913907287,False,54.03784213789587,543,0.625
TargetOnly,100,18,0.0,1.0,True,143.64410818632922,533,
SourceOnly,100,18,0.01,0.7814569536423841,False,43.99057039074646,540,
Pooled,100,18,0.01,0.9973509933774835,True,33.92538136994995,542,
RACE,100,18,0.01,0.9774834437086093,True,34.37490552479482,542,0.625
TargetOnly,100,19,0.01,1.0,True,74.13551433491502,535,
SourceOnly,100,19,0.0,0.49933774834437084,False,62.880289611075206,540,
Pooled,100,19,0.0,0.7880794701986755,False,41.05919927259769,542,
RACE,100,19,0.02,0.9947019867549669,False,33.4083791843945,542,0.625
