left_seed,left_N,right_seed,right_N,same_seed,same_N,top250_intersection,top250_union,top250_jaccard,top250_overlap_coefficient,variance_rank_spearman
0,10,0,25,True,False,244,256,0.953125,0.976,0.99486659005
0,10,0,50,True,False,244,256,0.953125,0.976,0.99431160023
0,10,0,100,True,False,243,257,0.945525291829,0.972,0.993557295783
0,10,3,10,False,True,242,258,0.937984496124,0.968,0.99191885135
0,10,3,25,False,False,245,255,0.960784313725,0.98,0.994072106193
0,10,3,50,False,False,244,256,0.953125,0.976,0.992785936907
0,10,3,100,False,False,242,258,0.937984496124,0.968,0.991863905273
0,10,4,10,False,True,240,260,0.923076923077,0.96,0.985647492296
0,10,4,25,False,False,239,261,0.915708812261,0.956,0.989506054117
0,10,4,50,False,False,241,259,0.930501930502,0.964,0.990660336654
0,10,4,100,False,False,241,259,0.930501930502,0.964,0.990525256428
0,10,9,10,False,True,241,259,0.930501930502,0.964,0.99316700852
0,10,9,25,False,False,241,259,0.930501930502,0.964,0.991457834677
0,10,9,50,False,False,246,254,0.968503937008,0.984,0.99148955442
0,10,9,100,False,False,245,255,0.960784313725,0.98,0.991940874428
0,10,13,10,False,True,243,257,0.945525291829,0.972,0.991099938459
0,10,13,25,False,False,245,255,0.960784313725,0.98,0.992840101053
0,10,13,50,False,False,243,257,0.945525291829,0.972,0.992264908508
0,10,13,100,False,False,242,258,0.937984496124,0.968,0.990799213652
0,10,19,10,False,True,241,259,0.930501930502,0.964,0.985200416495
0,10,19,25,False,False,242,258,0.937984496124,0.968,0.991698277709
0,10,19,50,False,False,242,258,0.937984496124,0.968,0.989901388775
0,10,19,100,False,False,245,255,0.960784313725,0.98,0.991035503524
0,25,0,50,True,False,247,253,0.97628458498,0.988,0.998352913511
0,25,0,100,True,False,246,254,0.968503937008,0.984,0.997124813138
0,25,3,10,False,False,239,261,0.915708812261,0.956,0.99074981156
0,25,3,25,False,True,244,256,0.953125,0.976,0.992957783026
0,25,3,50,False,False,245,255,0.960784313725,0.98,0.994591229584
0,25,3,100,False,False,243,257,0.945525291829,0.972,0.993570186934
0,25,4,10,False,False,242,258,0.937984496124,0.968,0.984660704015
0,25,4,25,False,True,240,260,0.923076923077,0.96,0.988332896037
0,25,4,50,False,False,242,258,0.937984496124,0.968,0.992326758152
0,25,4,100,False,False,244,256,0.953125,0.976,0.993713330786
0,25,9,10,False,False,243,257,0.945525291829,0.972,0.992350480801
0,25,9,25,False,True,244,256,0.953125,0.976,0.995862040733
0,25,9,50,False,False,245,255,0.960784313725,0.98,0.99569288716
0,25,9,100,False,False,244,256,0.953125,0.976,0.995908443477
0,25,13,10,False,False,243,257,0.945525291829,0.972,0.990799496502
0,25,13,25,False,True,244,256,0.953125,0.976,0.992154636962
0,25,13,50,False,False,245,255,0.960784313725,0.98,0.996748553868
0,25,13,100,False,False,242,258,0.937984496124,0.968,0.994602761844
0,25,19,10,False,False,243,257,0.945525291829,0.972,0.98874903165
0,25,19,25,False,True,245,255,0.960784313725,0.98,0.994143740083
0,25,19,50,False,False,244,256,0.953125,0.976,0.993763766722
0,25,19,100,False,False,246,254,0.968503937008,0.984,0.99457109175
0,50,0,100,True,False,247,253,0.97628458498,0.988,0.998941429172
0,50,3,10,False,False,239,261,0.915708812261,0.956,0.991889180207
0,50,3,25,False,False,244,256,0.953125,0.976,0.993492301234
0,50,3,50,False,True,244,256,0.953125,0.976,0.996363176643
0,50,3,100,False,False,244,256,0.953125,0.976,0.99547614366
0,50,4,10,False,False,244,256,0.953125,0.976,0.985569543904
0,50,4,25,False,False,241,259,0.930501930502,0.964,0.990814008075
0,50,4,50,False,True,243,257,0.945525291829,0.972,0.994360151869
0,50,4,100,False,False,245,255,0.960784313725,0.98,0.9954960937
0,50,9,10,False,False,244,256,0.953125,0.976,0.994679241116
0,50,9,25,False,False,245,255,0.960784313725,0.98,0.997530967343
0,50,9,50,False,True,246,254,0.968503937008,0.984,0.99739521353
0,50,9,100,False,False,245,255,0.960784313725,0.98,0.997742678935
0,50,13,10,False,False,242,258,0.937984496124,0.968,0.992662193752
0,50,13,25,False,False,242,258,0.937984496124,0.968,0.994129552829
0,50,13,50,False,True,244,256,0.953125,0.976,0.998300085909
0,50,13,100,False,False,243,257,0.945525291829,0.972,0.996290980183
0,50,19,10,False,False,244,256,0.953125,0.976,0.989368285524
0,50,19,25,False,False,247,253,0.97628458498,0.988,0.996202385424
0,50,19,50,False,True,246,254,0.968503937008,0.984,0.995477029834
0,50,19,100,False,False,246,254,0.968503937008,0.984,0.996240000799
0,100,3,10,False,False,241,259,0.930501930502,0.964,0.991873575488
0,100,3,25,False,False,244,256,0.953125,0.976,0.994710727961
0,100,3,50,False,False,247,253,0.97628458498,0.988,0.997392434091
0,100,3,100,False,True,245,255,0.960784313725,0.98,0.996552709004
0,100,4,10,False,False,246,254,0.968503937008,0.984,0.985935793281
0,100,4,25,False,False,242,258,0.937984496124,0.968,0.991020522014
0,100,4,50,False,False,244,256,0.953125,0.976,0.99434376853
0,100,4,100,False,True,246,254,0.968503937008,0.984,0.996624056587
0,100,9,10,False,False,244,256,0.953125,0.976,0.994559942791
0,100,9,25,False,False,245,255,0.960784313725,0.98,0.997294834034
0,100,9,50,False,False,247,253,0.97628458498,0.988,0.998320071967
0,100,9,100,False,True,247,253,0.97628458498,0.988,0.998741818221
0,100,13,10,False,False,243,257,0.945525291829,0.972,0.992511128637
0,100,13,25,False,False,244,256,0.953125,0.976,0.994383347789
0,100,13,50,False,False,245,255,0.960784313725,0.98,0.997950936842
0,100,13,100,False,True,244,256,0.953125,0.976,0.997173838616
0,100,19,10,False,False,244,256,0.953125,0.976,0.989428746699
0,100,19,25,False,False,247,253,0.97628458498,0.988,0.996243187234
0,100,19,50,False,False,247,253,0.97628458498,0.988,0.995424588204
0,100,19,100,False,True,246,254,0.968503937008,0.984,0.997214426662
3,10,3,25,True,False,245,255,0.960784313725,0.98,0.995735060781
3,10,3,50,True,False,243,257,0.945525291829,0.972,0.993740228183
3,10,3,100,True,False,240,260,0.923076923077,0.96,0.991268348047
3,10,4,10,False,True,239,261,0.915708812261,0.956,0.988206413202
3,10,4,25,False,False,239,261,0.915708812261,0.956,0.990550370535
3,10,4,50,False,False,239,261,0.915708812261,0.956,0.989717595201
3,10,4,100,False,False,239,261,0.915708812261,0.956,0.989688833846
3,10,9,10,False,True,238,262,0.908396946565,0.952,0.990439345736
3,10,9,25,False,False,237,263,0.901140684411,0.948,0.989074498038
3,10,9,50,False,False,241,259,0.930501930502,0.964,0.989093158121
3,10,9,100,False,False,242,258,0.937984496124,0.968,0.990349228578
3,10,13,10,False,True,241,259,0.930501930502,0.964,0.990700967242
3,10,13,25,False,False,241,259,0.930501930502,0.964,0.992587170498
3,10,13,50,False,False,241,259,0.930501930502,0.964,0.991049675155
3,10,13,100,False,False,240,260,0.923076923077,0.96,0.990180608484
3,10,19,10,False,True,238,262,0.908396946565,0.952,0.987424893187
3,10,19,25,False,False,238,262,0.908396946565,0.952,0.991626289273
3,10,19,50,False,False,239,261,0.915708812261,0.956,0.988547065787
3,10,19,100,False,False,241,259,0.930501930502,0.964,0.989248633209
3,25,3,50,True,False,246,254,0.968503937008,0.984,0.997294370133
3,25,3,100,True,False,244,256,0.953125,0.976,0.994204350972
3,25,4,10,False,False,242,258,0.937984496124,0.968,0.988104238843
3,25,4,25,False,True,241,259,0.930501930502,0.964,0.989673740731
3,25,4,50,False,False,242,258,0.937984496124,0.968,0.990718965265
3,25,4,100,False,False,242,258,0.937984496124,0.968,0.992154918165
3,25,9,10,False,False,241,259,0.930501930502,0.964,0.993423394231
3,25,9,25,False,True,241,259,0.930501930502,0.964,0.991743574371
3,25,9,50,False,False,244,256,0.953125,0.976,0.992946881669
3,25,9,100,False,False,245,255,0.960784313725,0.98,0.993593890786
3,25,13,10,False,False,244,256,0.953125,0.976,0.99231316257
3,25,13,25,False,True,243,257,0.945525291829,0.972,0.993949374595
3,25,13,50,False,False,245,255,0.960784313725,0.98,0.992525208371
3,25,13,100,False,False,243,257,0.945525291829,0.972,0.993122196988
3,25,19,10,False,False,241,259,0.930501930502,0.964,0.988039234174
3,25,19,25,False,True,242,258,0.937984496124,0.968,0.991566792856
3,25,19,50,False,False,242,258,0.937984496124,0.968,0.989918129645
3,25,19,100,False,False,245,255,0.960784313725,0.98,0.99221262039
3,50,3,100,True,False,246,254,0.968503937008,0.984,0.996561744942
3,50,4,10,False,False,244,256,0.953125,0.976,0.986835140681
3,50,4,25,False,False,242,258,0.937984496124,0.968,0.98986538493
3,50,4,50,False,True,244,256,0.953125,0.976,0.993319571514
3,50,4,100,False,False,244,256,0.953125,0.976,0.994705553236
3,50,9,10,False,False,243,257,0.945525291829,0.972,0.993433859886
3,50,9,25,False,False,243,257,0.945525291829,0.972,0.994850084205
3,50,9,50,False,True,247,253,0.97628458498,0.988,0.996128565553
3,50,9,100,False,False,248,252,0.984126984127,0.992,0.996731858218
3,50,13,10,False,False,245,255,0.960784313725,0.98,0.993805750173
3,50,13,25,False,False,245,255,0.960784313725,0.98,0.995687576571
3,50,13,50,False,True,247,253,0.97628458498,0.988,0.9964004687
3,50,13,100,False,False,245,255,0.960784313725,0.98,0.995756651623
3,50,19,10,False,False,243,257,0.945525291829,0.972,0.99067901363
3,50,19,25,False,False,244,256,0.953125,0.976,0.994847721098
3,50,19,50,False,True,244,256,0.953125,0.976,0.993130079155
3,50,19,100,False,False,247,253,0.97628458498,0.988,0.995272154459
3,100,4,10,False,False,243,257,0.945525291829,0.972,0.987235239827
3,100,4,25,False,False,246,254,0.968503937008,0.984,0.994548059242
3,100,4,50,False,False,248,252,0.984126984127,0.992,0.997318006826
3,100,4,100,False,True,247,253,0.97628458498,0.988,0.997347954935
3,100,9,10,False,False,242,258,0.937984496124,0.968,0.993591937844
3,100,9,25,False,False,242,258,0.937984496124,0.968,0.994615417109
3,100,9,50,False,False,245,255,0.960784313725,0.98,0.995023893416
3,100,9,100,False,True,246,254,0.968503937008,0.984,0.996067058877
3,100,13,10,False,False,243,257,0.945525291829,0.972,0.991820816029
3,100,13,25,False,False,244,256,0.953125,0.976,0.993289852004
3,100,13,50,False,False,245,255,0.960784313725,0.98,0.995424787548
3,100,13,100,False,True,248,252,0.984126984127,0.992,0.998870875601
3,100,19,10,False,False,242,258,0.937984496124,0.968,0.988404871945
3,100,19,25,False,False,244,256,0.953125,0.976,0.994318712401
3,100,19,50,False,False,246,254,0.968503937008,0.984,0.994686862921
3,100,19,100,False,True,246,254,0.968503937008,0.984,0.996155751825
4,10,4,25,True,False,241,259,0.930501930502,0.964,0.991033723403
4,10,4,50,True,False,242,258,0.937984496124,0.968,0.989082372849
4,10,4,100,True,False,244,256,0.953125,0.976,0.987695310854
4,10,9,10,False,True,244,256,0.953125,0.976,0.987041902021
4,10,9,25,False,False,244,256,0.953125,0.976,0.986126738104
4,10,9,50,False,False,244,256,0.953125,0.976,0.983959338157
4,10,9,100,False,False,245,255,0.960784313725,0.98,0.985101579517
4,10,13,10,False,True,241,259,0.930501930502,0.964,0.984948358291
4,10,13,25,False,False,241,259,0.930501930502,0.964,0.987253692472
4,10,13,50,False,False,242,258,0.937984496124,0.968,0.985396555335
4,10,13,100,False,False,242,258,0.937984496124,0.968,0.986493687488
4,10,19,10,False,True,245,255,0.960784313725,0.98,0.985721132571
4,10,19,25,False,False,247,253,0.97628458498,0.988,0.987166250816
4,10,19,50,False,False,245,255,0.960784313725,0.98,0.986228017037
4,10,19,100,False,False,244,256,0.953125,0.976,0.985418584267
4,25,4,50,True,False,248,252,0.984126984127,0.992,0.997045814642
4,25,4,100,True,False,246,254,0.968503937008,0.984,0.99461382037
4,25,9,10,False,False,241,259,0.930501930502,0.964,0.991751419324
4,25,9,25,False,True,240,260,0.923076923077,0.96,0.989852467491
4,25,9,50,False,False,242,258,0.937984496124,0.968,0.988386729777
4,25,9,100,False,False,243,257,0.945525291829,0.972,0.989951123934
4,25,13,10,False,False,240,260,0.923076923077,0.96,0.989373866462
4,25,13,25,False,True,242,258,0.937984496124,0.968,0.990740197867
4,25,13,50,False,False,242,258,0.937984496124,0.968,0.990222497574
4,25,13,100,False,False,247,253,0.97628458498,0.988,0.993469114725
4,25,19,10,False,False,241,259,0.930501930502,0.964,0.98463381021
4,25,19,25,False,True,241,259,0.930501930502,0.964,0.991159936472
4,25,19,50,False,False,244,256,0.953125,0.976,0.991605503892
4,25,19,100,False,False,242,258,0.937984496124,0.968,0.991090232707
4,50,4,100,True,False,248,252,0.984126984127,0.992,0.997733572093
4,50,9,10,False,False,243,257,0.945525291829,0.972,0.99332049332
4,50,9,25,False,False,242,258,0.937984496124,0.968,0.994320418142
4,50,9,50,False,True,244,256,0.953125,0.976,0.99268364659
4,50,9,100,False,False,245,255,0.960784313725,0.98,0.993987090547
4,50,13,10,False,False,242,258,0.937984496124,0.968,0.990957860342
4,50,13,25,False,False,244,256,0.953125,0.976,0.992882379856
4,50,13,50,False,True,244,256,0.953125,0.976,0.99467471037
4,50,13,100,False,False,249,251,0.99203187251,0.996,0.996619084182
4,50,19,10,False,False,243,257,0.945525291829,0.972,0.986970365494
4,50,19,25,False,False,243,257,0.945525291829,0.972,0.993377115316
4,50,19,50,False,True,246,254,0.968503937008,0.984,0.995660727633
4,50,19,100,False,False,244,256,0.953125,0.976,0.995230698625
4,100,9,10,False,False,245,255,0.960784313725,0.98,0.992810202011
4,100,9,25,False,False,244,256,0.953125,0.976,0.995391074794
4,100,9,50,False,False,244,256,0.953125,0.976,0.996611760579
4,100,9,100,False,True,245,255,0.960784313725,0.98,0.997556154516
4,100,13,10,False,False,242,258,0.937984496124,0.968,0.990869065484
4,100,13,25,False,False,243,257,0.945525291829,0.972,0.99288732891
4,100,13,50,False,False,244,256,0.953125,0.976,0.995895416244
4,100,13,100,False,True,248,252,0.984126984127,0.992,0.998044281258
4,100,19,10,False,False,245,255,0.960784313725,0.98,0.986873707721
4,100,19,25,False,False,245,255,0.960784313725,0.98,0.993255165668
4,100,19,50,False,False,248,252,0.984126984127,0.992,0.997631540102
4,100,19,100,False,True,245,255,0.960784313725,0.98,0.998265149446
9,10,9,25,True,False,249,251,0.99203187251,0.996,0.995761427116
9,10,9,50,True,False,244,256,0.953125,0.976,0.993539190758
9,10,9,100,True,False,245,255,0.960784313725,0.98,0.993677222303
9,10,13,10,False,True,240,260,0.923076923077,0.96,0.991891642591
9,10,13,25,False,False,242,258,0.937984496124,0.968,0.993783949851
9,10,13,50,False,False,245,255,0.960784313725,0.98,0.994006319627
9,10,13,100,False,False,244,256,0.953125,0.976,0.992664669579
9,10,19,10,False,True,246,254,0.968503937008,0.984,0.986693452437
9,10,19,25,False,False,245,255,0.960784313725,0.98,0.993532292429
9,10,19,50,False,False,245,255,0.960784313725,0.98,0.992201869976
9,10,19,100,False,False,245,255,0.960784313725,0.98,0.992491101271
9,25,9,50,True,False,245,255,0.960784313725,0.98,0.997503510092
9,25,9,100,True,False,245,255,0.960784313725,0.98,0.997280595767
9,25,13,10,False,False,240,260,0.923076923077,0.96,0.99107425886
9,25,13,25,False,True,241,259,0.930501930502,0.964,0.993343265619
9,25,13,50,False,False,245,255,0.960784313725,0.98,0.997706524043
9,25,13,100,False,False,243,257,0.945525291829,0.972,0.995684711282
9,25,19,10,False,False,245,255,0.960784313725,0.98,0.98910456339
9,25,19,25,False,True,246,254,0.968503937008,0.984,0.995122517688
9,25,19,50,False,False,245,255,0.960784313725,0.98,0.995696298602
9,25,19,100,False,False,245,255,0.960784313725,0.98,0.99570915534
9,50,9,100,True,False,249,251,0.99203187251,0.996,0.999562736625
9,50,13,10,False,False,243,257,0.945525291829,0.972,0.991256054547
9,50,13,25,False,False,245,255,0.960784313725,0.98,0.993041314414
9,50,13,50,False,True,246,254,0.968503937008,0.984,0.997326282244
9,50,13,100,False,False,245,255,0.960784313725,0.98,0.996054197511
9,50,19,10,False,False,244,256,0.953125,0.976,0.988368986583
9,50,19,25,False,False,246,254,0.968503937008,0.984,0.994626504526
9,50,19,50,False,True,245,255,0.960784313725,0.98,0.995860998071
9,50,19,100,False,False,248,252,0.984126984127,0.992,0.997680544868
9,100,13,10,False,False,244,256,0.953125,0.976,0.991949995406
9,100,13,25,False,False,245,255,0.960784313725,0.98,0.993844887394
9,100,13,50,False,False,247,253,0.97628458498,0.988,0.997828265923
9,100,13,100,False,True,246,254,0.968503937008,0.984,0.997064381814
9,100,19,10,False,False,244,256,0.953125,0.976,0.989272357833
9,100,19,25,False,False,245,255,0.960784313725,0.98,0.995250734178
9,100,19,50,False,False,245,255,0.960784313725,0.98,0.996685791728
9,100,19,100,False,True,248,252,0.984126984127,0.992,0.99825650393
13,10,13,25,True,False,245,255,0.960784313725,0.98,0.997210180064
13,10,13,50,True,False,243,257,0.945525291829,0.972,0.994172649856
13,10,13,100,True,False,242,258,0.937984496124,0.968,0.991865816087
13,10,19,10,False,True,240,260,0.923076923077,0.96,0.985991451646
13,10,19,25,False,False,241,259,0.930501930502,0.964,0.991221703416
13,10,19,50,False,False,241,259,0.930501930502,0.964,0.990637752014
13,10,19,100,False,False,243,257,0.945525291829,0.972,0.990806316501
13,25,13,50,True,False,245,255,0.960784313725,0.98,0.996312353428
13,25,13,100,True,False,244,256,0.953125,0.976,0.993254491908
13,25,19,10,False,False,242,258,0.937984496124,0.968,0.988377736358
13,25,19,25,False,True,242,258,0.937984496124,0.968,0.993176607513
13,25,19,50,False,False,242,258,0.937984496124,0.968,0.992617670856
13,25,19,100,False,False,245,255,0.960784313725,0.98,0.992970180394
13,50,13,100,True,False,245,255,0.960784313725,0.98,0.996831260754
13,50,19,10,False,False,243,257,0.945525291829,0.972,0.990276161606
13,50,19,25,False,False,243,257,0.945525291829,0.972,0.995887191136
13,50,19,50,False,True,243,257,0.945525291829,0.972,0.996052593496
13,50,19,100,False,False,247,253,0.97628458498,0.988,0.996643920836
13,100,19,10,False,False,244,256,0.953125,0.976,0.987944198965
13,100,19,25,False,False,243,257,0.945525291829,0.972,0.993641256755
13,100,19,50,False,False,246,254,0.968503937008,0.984,0.995984748109
13,100,19,100,False,True,245,255,0.960784313725,0.98,0.997016514196
19,10,19,25,True,False,247,253,0.97628458498,0.988,0.994373647499
19,10,19,50,True,False,245,255,0.960784313725,0.98,0.987829221221
19,10,19,100,True,False,245,255,0.960784313725,0.98,0.987387341894
19,25,19,50,True,False,247,253,0.97628458498,0.988,0.993921520244
19,25,19,100,True,False,246,254,0.968503937008,0.984,0.993866254111
19,50,19,100,True,False,245,255,0.960784313725,0.98,0.998646742008
